,DISPLAY_FIRST_LAST
0,Alaa Abdelnaby
1,Zaid Abdul-Aziz
2,Kareem Abdul-Jabbar
3,Mahmoud Abdul-Rauf
4,Tariq Abdul-Wahad
5,Shareef Abdur-Rahim
6,Tom Abernethy
7,Forest Able
8,John Abramovic
9,Alex Abrines
10,Alex Acker
11,Donald Ackerman
12,Mark Acres
13,Charles Acton
14,Quincy Acy
15,Alvan Adams
16,Don Adams
17,Hassan Adams
18,Jaylen Adams
19,Jordan Adams
20,Michael Adams
21,Steven Adams
22,Rafael Addison
23,Bam Adebayo
24,Deng Adel
25,Rick Adelman
26,Jeff Adrien
27,Arron Afflalo
28,Maurice Ager
29,Mark Aguirre
30,Blake Ahearn
31,Danny Ainge
32,Alexis Ajinca
33,Henry Akin
34,Josh Akognon
35,DeVaughn Akoon-Purcell
36,Solomon Alabi
37,Mark Alarie
38,Gary Alcorn
39,Furkan Aldemir
40,Cole Aldrich
41,LaMarcus Aldridge
42,Chuck Aleksinas
43,Cliff Alexander
44,Cory Alexander
45,Courtney Alexander
46,Gary Alexander
47,Joe Alexander
48,Victor Alexander
49,Steve Alford
50,Rawle Alkins
51,Bob Allen
52,Grayson Allen
53,Jarrett Allen
54,Jerome Allen
55,Kadeem Allen
56,Lavoy Allen
57,Lucius Allen
58,Malik Allen
59,Randy Allen
60,Ray Allen
61,Tony Allen
62,Odis Allison
63,Lance Allred
64,Darrell Allums
65,Morris Almond
66,Derrick Alston
67,Rafer Alston
68,Peter Aluma
69,John Amaechi
70,Ashraf Amaya
71,Al-Farouq Aminu
72,Lou Amundson
73,Bob Anderegg
74,Chris Andersen
75,David Andersen
76,Alan Anderson
77,Antonio Anderson
78,Cliff Anderson
79,Daniel Anderson
80,Derek Anderson
81,Dwight Anderson
82,Eric Anderson
83,Greg Anderson
84,James Anderson
85,Jerome Anderson
86,Justin Anderson
87,Kenny Anderson
88,Kim Anderson
89,Kyle Anderson
90,Michael Anderson
91,Mitchell Anderson
92,Nick Anderson
93,Richard Anderson
94,Ron Anderson
95,Ryan Anderson
96,Shandon Anderson
97,Willie Anderson
98,Wally Anderzunas
99,Martynas Andriuskevicius
100,Don Anielak
101,Ike Anigbogu
102,Michael Ansley
103,Chris Anstey
104,Giannis Antetokounmpo
105,Kostas Antetokounmpo
106,Thanasis Antetokounmpo
107,Carmelo Anthony
108,Greg Anthony
109,Joel Anthony
110,Pero Antic
111,OG Anunoby
112,Keith Appling
113,Rafael Araujo
114,Stacey Arceneaux
115,Nate Archibald
116,Robert Archibald
117,Ryan Arcidiacono
118,Jim Ard
119,Gilbert Arenas
120,Trevor Ariza
121,Paul Arizin
122,Joe Arlauckas
123,B.J. Armstrong
124,Bob Armstrong
125,Brandon Armstrong
126,Darrell Armstrong
127,Hilton Armstrong
128,Paul Armstrong
129,Tate Armstrong
130,Jesse Arnelle
131,Jay Arnette
132,Bob Arnzen
133,Carlos Arroyo
134,Darrell Arthur
135,John Arthurs
136,Jamel Artis
137,Omer Asik
138,Vincent Askew
139,Keith Askins
140,Don Asmonga
141,Richard Atha
142,Chucky Atkins
143,Alvin Attles
144,Chet Aubuchon
145,Stacey Augmon
146,D.J. Augustin
147,James Augustine
148,Ike Austin
149,John Austin
150,Ken Austin
151,Anthony Avent
152,William Averitt
153,William Avery
154,Dennis Awtrey
155,Gustavo Ayon
156,Jeff Ayres
157,Deandre Ayton
158,Kelenna Azubuike
159,Chris Babb
160,Luke Babbitt
161,Milos Babic
162,Johnny Bach
163,Dwayne Bacon
164,Jim Baechtold
165,Dalibor Bagaric
166,John Bagley
167,Marvin Bagley III
168,Carl Bailey
169,Gus Bailey
170,James Bailey
171,Thurl Bailey
172,Toby Bailey
173,Cameron Bairstow
174,Cameron Bairstow
175,Mark Baker
176,Maurice Baker
177,Norm Baker
178,Ron Baker
179,Vin Baker
180,Wade Baldwin IV
181,Renaldo Balkman
182,Cedric Ball
183,Lonzo Ball
184,Greg Ballard
185,Herschel Baltimore
186,Mo Bamba
187,Gene Banks
188,Marcus Banks
189,Ken Bannister
190,Mike Bantom
191,John Barber
192,Leandro Barbosa
193,Stephen Bardo
194,J.J. Barea
195,Andrea Bargnani
196,Cliff Barker
197,Tom Barker
198,Charles Barkley
199,Erick Barkley
200,Don Barksdale
201,Harrison Barnes
202,Harry Barnes
203,Jim Barnes
204,Marvin Barnes
205,Matt Barnes
206,Dick Barnett
207,Jim Barnett
208,John Barnhill
209,Norton Barnhill
210,Leo Barnhorst
211,John Barr
212,Mike Barr
213,Thomas Barr
214,Andre Barrett
215,Ernie Barrett
216,Earl Barron
217,Dana Barros
218,Brent Barry
219,Drew Barry
220,Jon Barry
221,Rick Barry
222,Ed Bartels
223,Vic Bartolome
224,Will Barton
225,Eddie Basden
226,Jerry Baskerville
227,Brandon Bass
228,Tim Bassett
229,Maceo Baston
230,Mengke Bateer
231,Billyray Bates
232,Keita Bates-Diop
233,Esteban Batista
234,Mike Batiste
235,Tony Battie
236,Shane Battier
237,John Battle
238,Kenny Battle
239,Dave Batton
240,Nicolas Batum
241,Johnny Baum
242,Frankie Baumholtz
243,Lonny Baxter
244,Jerryd Bayless
245,Elgin Baylor
246,Aron Baynes
247,Sergei Bazarevich
248,Kent Bazemore
249,Ed Beach
250,Bradley Beal
251,Butch Beard
252,Ralph Beard
253,Jerome Beasley
254,Malik Beasley
255,Michael Beasley
256,Zelmo Beaty
257,Rodrigue Beaubois
258,Byron Beck
259,Corey Beck
260,Ernie Beck
261,Moe Becker
262,William Bedford
263,Hank Beenders
264,Ron Behagen
265,Elmer Behnke
266,Marco Belinelli
267,Charlie Bell
268,Dennis Bell
269,Jordan Bell
270,Raja Bell
271,Troy Bell
272,William Bell
273,Walt Bellamy
274,DeAndre' Bembry
275,Irv Bemoras
276,Leon Benbow
277,Dragan Bender
278,Jonathan Bender
279,Jerrelle Benimon
280,Benoit Benjamin
281,Corey Benjamin
282,Anthony Bennett
283,Elmer Bennett
284,Mario Bennett
285,Mel Bennett
286,Tony Bennett
287,Winston Bennett
288,David Benoit
289,Keith Benson
290,Kent Benson
291,Ben Bentil
292,Gene Berce
293,Gary Bergen
294,Ricky Berry
295,Walter Berry
296,Dairis Bertans
297,Davis Bertans
298,Del Beshore
299,Travis Best
300,Patrick Beverley
301,Sim Bhullar
302,Al Bianchi
303,Hank Biasatti
304,Henry Bibby
305,Mike Bibby
306,Ed Biedenbach
307,Andris Biedrins
308,Don Bielke
309,Bob Bigelow
310,Chauncey Billups
311,Dave Bing
312,Joe Binion
313,Khem Birch
314,Jabari Bird
315,Jerry Bird
316,Larry Bird
317,Otis Birdsong
318,Gale Bishop
319,Bismack Biyombo
320,Nemanja Bjelica
321,Uwe Blab
322,Charlie Black
323,Norman Black
324,Tarik Black
325,Tom Black
326,Rolando Blackman
327,Alex Blackwell
328,Cory Blackwell
329,James Blackwell
330,Nate Blackwell
331,DeJuan Blair
332,Steve Blake
333,Marqus Blakely
334,Antonio Blakeney
335,Will Blalock
336,George Blaney
337,Lance Blanks
338,Ricky Blanton
339,Andray Blatche
340,Mookie Blaylock
341,Eric Bledsoe
342,Leon Blevins
343,John Block
344,Mike Bloom
345,Jaron Blossomgame
346,Corie Blount
347,Mark Blount
348,Vander Blue
349,Trevon Bluiett
350,Ray Blume
351,Nelson Bobb
352,Tony Bobbitt
353,Arlen Bockhorn
354,Tom Boerwinkle
355,Keith Bogans
356,Bogdan Bogdanovic
357,Bojan Bogdanovic
358,Muggsy Bogues
359,Andrew Bogut
360,Etdrick Bohannon
361,Manute Bol
362,Jonah Bolden
363,Bill Bolger
364,Joel Bolomboy
365,Doug Bolstorff
366,George H. Bon Salle
367,Phil Bond
368,Walter Bond
369,Dexter Boney
370,Isaac Bonga
371,Ron Bonham
372,Anthony Bonner
373,Matt Bonner
374,Devin Booker
375,Melvin Booker
376,Trevor Booker
377,Josh Boone
378,Ron Boone
379,Calvin Booth
380,Keith Booth
381,Bob Boozer
382,Carlos Boozer
383,Curtis Borchardt
384,Jake Bornheimer
385,Lazaro Borrell
386,Costic Borsavage
387,Vince Boryla
388,Chris Bosh
389,Jim Bostic
390,Lawrence Boston
391,Tom Boswell
392,Chris Boucher
393,Ruben Boumtje-Boumtje
394,Don Boven
395,Cal Bowdler
396,Bruce Bowen
397,Ryan Bowen
398,Anthony Bowie
399,Sam Bowie
400,Ira Bowman
401,Nate Bowman
402,Donnie Boyce
403,Dennis Boyd
404,Fred Boyd
405,Ken Boyd
406,Earl Boykins
407,Harry Boykoff
408,Winford Boynes
409,Cedric Bozeman
410,Steve Bracey
411,Craig Brackins
412,Gary Bradds
413,Alex Bradley
414,Alonzo Bradley
415,Avery Bradley
416,Bill Bradley
417,Charles Bradley
418,Dudley Bradley
419,Joe Bradley
420,Michael Bradley
421,Shawn Bradley
422,Tony Bradley
423,Mark Bradtke
424,Marques Bragg
425,Torraye Braggs
426,A.J. Bramlett
427,Adrian Branch
428,Elton Brand
429,Terrell Brandon
430,Bob Brannum
431,Brad Branson
432,Jesse Branson
433,Jim Brasco
434,Mike Bratz
435,Carl Braun
436,Tim Breaux
437,J.R. Bremer
438,Pete Brennan
439,Tom Brennan
440,Randy Breuer
441,Corey Brewer
442,Jamison Brewer
443,Jim Brewer
444,Ron Brewer
445,Ronnie Brewer
446,Primoz Brezec
447,Frank Brian
448,Frank Brickowski
449,Junior Bridgeman
450,Bill Bridges
451,Mikal Bridges
452,Miles Bridges
453,Al Brightman
454,Audley Brindley
455,Isaiah Briscoe
456,John Brisker
457,Allan Bristow
458,Tyrone Britt
459,Wayman Britt
460,Mike Brittain
461,David Britton
462,Jon Brockman
463,Ryan Broekhoff
464,Jim Brogan
465,Malcolm Brogdon
466,Gary Brokaw
467,Price Brookfield
468,Aaron Brooks
469,Dillon Brooks
470,Kevin Brooks
471,MarShon Brooks
472,Michael Brooks
473,Scott Brooks
474,Andre Brown
475,Anthony Brown
476,Bob Brown
477,Bobby Brown
478,Bruce Brown
479,Chucky Brown
480,Damone Brown
481,Darrell Brown
482,Dee Brown
483,Dee Brown
484,Derrick Brown
485,Devin Brown
486,Ernest Brown
487,Fred Brown
488,George Brown
489,Gerald Brown
490,Harold Brown
491,Jabari Brown
492,Jaylen Brown
493,John Brown
494,Kedrick Brown
495,Kwame Brown
496,Leon Brown
497,Lewis Brown
498,Lorenzo Brown
499,Marcus Brown
500,Markel Brown
501,Mike Brown
502,Myron Brown
503,P.J. Brown
504,Randy Brown
505,Raymond Brown
506,Rickey Brown
507,Roger Brown
508,Shannon Brown
509,Stan Brown
510,Sterling Brown
511,Tierre Brown
512,Tony Brown
513,Troy Brown Jr.
514,Jim Browne
515,Stanley Brundy
516,Jalen Brunson
517,Rick Brunson
518,Nicolas Brussino
519,Emmette Bryant
520,Joe Bryant
521,Kobe Bryant
522,Mark Bryant
523,Thomas Bryant
524,Wallace Bryant
525,Torgeir Bryn
526,Joe Buckhalter
527,Steve Bucknall
528,Cleveland Buckner
529,Greg Buckner
530,Quinn Buckner
531,Dave Budd
532,Chase Budinger
533,Walter Budko
534,Jud Buechler
535,Rodney Buford
536,Matt Bullard
537,Reggie Bullock
538,Greg Bunch
539,Dick Bunt
540,Bill Buntin
541,Luther Burden
542,Pat Burke
543,Trey Burke
544,Roger Burkman
545,Alec Burks
546,Antonio Burks
547,Kevin Burleson
548,Tom Burleson
549,Jack Burmaster
550,David Burns
551,Evers Burns
552,Jim Burns
553,Scott Burrell
554,Art Burris
555,Junior Burrough
556,Bob Burrow
557,Deonte Burton
558,Ed Burton
559,Willie Burton
560,Steve Burtt
561,Don Buse
562,Brian Butch
563,Donnie Butcher
564,Al Butler
565,Caron Butler
566,Da'Sean Butler
567,Greg Butler
568,Jackie Butler
569,Jimmy Butler
570,Mitchell Butler
571,Rasual Butler
572,Dwight Buycks
573,Derrick Byars
574,Andrew Bynum
575,Will Bynum
576,Marty Byrnes
577,Tommy Byrnes
578,Mike Bytzura
579,Zarko Cabarkapa
580,Barney Cable
581,Bruno Caboclo
582,Jason Caffey
583,Michael Cage
584,Gerry Calabrese
585,Nick Calathes
586,Jose Calderon
587,Adrian Caldwell
588,Jim Caldwell
589,Joe Caldwell
590,Kentavious Caldwell-Pope
591,Bill Calhoun
592,Corky Calhoun
593,Demetrius Calip
594,Tom Callahan
595,Rick Calloway
596,Ernie Calverley
597,Mack Calvin
598,Dexter Cambridge
599,Marcus Camby
600,Elden Campbell
601,Tony Campbell
602,Isaiah Canaan
603,Larry Cannon
604,Clint Capela
605,Derrick Caracter
606,Brian Cardinal
607,Howie Carl
608,Chet Carlisle
609,Geno Carlisle
610,Rick Carlisle
611,Al Carlson
612,Don Carlson
613,Bob Carney
614,Rodney Carney
615,Bob Carpenter
616,Antoine Carr
617,Austin Carr
618,Chris Carr
619,Cory Carr
620,Kenny Carr
621,M.L. Carr
622,Bob Carrington
623,DeMarre Carroll
624,Joe Barry Carroll
625,Matt Carroll
626,Jimmy Carruth
627,Anthony Carter
628,Butch Carter
629,Fred Carter
630,George Carter
631,Howard Carter
632,Jake Carter
633,Jevon Carter
634,Maurice Carter
635,Reggie Carter
636,Ron Carter
637,Vince Carter
638,Wendell Carter Jr.
639,Michael Carter-Williams
640,Bill Cartwright
641,Jay Carty
642,Alex Caruso
643,Cornelius Cash
644,Sam Cassell
645,Omri Casspi
646,Harvey Catchings
647,Terry Catledge
648,Sid Catlett
649,Kelvin Cato
650,Bobby Cattage
651,Willie Cauley-Stein
652,Troy Caupain
653,Duane Causwell
654,Tyler Cavanaugh
655,Ron Cavenall
656,Cedric Ceballos
657,John Celestand
658,Al Cervi
659,Lionel Chalmers
660,Mario Chalmers
661,Bill Chamberlain
662,Wilt Chamberlain
663,Jerry Chambers
664,Tom Chambers
665,Mike Champion
666,Tyson Chandler
667,Wilson Chandler
668,Don Chaney
669,John Chaney
670,Rex Chapman
671,Len Chappell
672,Ken Charles
673,Lorenzo Charles
674,Joe Chealey
675,Calbert Cheaney
676,Maurice Cheeks
677,Phil Chenier
678,Will Cherry
679,Derrick Chievous
680,Pete Chilcutt
681,Josh Childress
682,Randolph Childress
683,Chris Childs
684,Chris Chiozza
685,Leroy Chollet
686,Jim Chones
687,Marquese Chriss
688,Fred Christ
689,Cal Christensen
690,Bob Christian
691,Doug Christie
692,Dionte Christmas
693,Rakeem Christmas
694,Semaj Christon
695,Patrick Christopher
696,Robert Churchwell
697,Archie Clark
698,Carlos Clark
699,Earl Clark
700,Gary Clark
701,Ian Clark
702,Keon Clark
703,Coty Clarke
704,Jordan Clarkson
705,Gian Clavell
706,Victor Claver
707,Charles Claxton
708,Speedy Claxton
709,Jim Cleamons
710,Mateen Cleaves
711,John Clemens
712,Antonius Cleveland
713,Nat Clifton
714,Bill Closs
715,Keith Closs
716,Paul Cloyd
717,Marion Cluggish
718,Ben Clyde
719,Richard Coffey
720,Fred Cofield
721,John Coker
722,Norris Cole
723,Ben Coleman
724,Derrick Coleman
725,E.C. Coleman
726,Jack Coleman
727,Norris Coleman
728,Bimbo Coles
729,Jason Collier
730,Art Collins
731,Don Collins
732,Doug Collins
733,James Collins
734,Jarron Collins
735,Jason Collins
736,Jimmy Collins
737,John Collins
738,Mardy Collins
739,Sherron Collins
740,Zach Collins
741,Kyle Collinsworth
742,Darren Collison
743,Nick Collison
744,Joe Colone
745,Bonzie Colson
746,Sean Colson
747,Steve Colter
748,Leroy Combs
749,Dallas Comegys
750,Larry Comley
751,Gene Conley
752,Mike Conley
753,Ed Conlin
754,Marty Conlon
755,Pat Connaughton
756,Lester Conner
757,Chuck Connors
758,Will Conroy
759,Anthony Cook
760,Bert Cook
761,Bobby Cook
762,Brian Cook
763,Daequan Cook
764,Darwin Cook
765,Jeff Cook
766,Norm Cook
767,Omar Cook
768,Quinn Cook
769,Charles Cooke
770,David Cooke
771,Joe Cooke
772,Jack Cooley
773,Chuck Cooper
774,Duane Cooper
775,Joe Cooper
776,Michael Cooper
777,Wayne Cooper
778,Tom Copa
779,Chris Copeland
780,Hollis Copeland
781,Lanard Copeland
782,Tyrone Corbin
783,Chris Corchiani
784,Ken Corley
785,Ray Corley
786,Dave Corzine
787,Larry Costello
788,Matt Costello
789,Bryce Cotton
790,Jack Cotton
791,James Cotton
792,John Coughran
793,Mel Counts
794,Steve Courtin
795,Joe Courtney
796,Marcus Cousin
797,DeMarcus Cousins
798,Bob Cousy
799,Robert Covington
800,Dave Cowens
801,John Cox
802,Johnny Cox
803,Wesley Cox
804,Allen Crabbe
805,Torrey Craig
806,Chris Crawford
807,Freddie Crawford
808,Jamal Crawford
809,Joe Crawford
810,Jordan Crawford
811,Mitchell Creek
812,Jim Creighton
813,Ron Crevier
814,Hal Crisler
815,Joe Crispin
816,Charlie Criss
817,Winston Crite
818,Javaris Crittenton
819,Dillard Crocker
820,Jeffrey Crompton
821,Terry Crosby
822,Austin Croshere
823,Jeff Cross
824,Pete Cross
825,Russell Cross
826,Francis Crossin
827,John Crotty
828,Mark Crow
829,Corey Crowder
830,Jae Crowder
831,Pat Cummings
832,Terry Cummings
833,Vonteego Cummings
834,Billy Cunningham
835,Dante Cunningham
836,Dick Cunningham
837,Jared Cunningham
838,William Cunningham
839,Radisav Curcic
840,Armand Cure
841,Earl Cureton
842,Bill Curley
843,Fran Curran
844,Dell Curry
845,Eddy Curry
846,JamesOn Curry
847,Michael Curry
848,Seth Curry
849,Stephen Curry
850,Rastko Cvetkovic
851,Mike D'Antoni
852,Ed Dahler
853,Quintin Dailey
854,Samuel Dalembert
855,Howie Dallmar
856,Erick Dampier
857,Lou Dampier
858,Bob Dandridge
859,Antonio Daniels
860,Erik Daniels
861,Lloyd Daniels
862,Marquis Daniels
863,Mel Daniels
864,Troy Daniels
865,Sasha Danilovic
866,Adrian Dantley
867,Henry Darcey
868,Jimmy Darden
869,Yinka Dare
870,Jesse Dark
871,Jimmy Darrow
872,Gigi Datome
873,Brad Daugherty
874,Kornel David
875,Jermareo Davidson
876,Bob Davies
877,Brandon Davies
878,Anthony Davis
879,Antonio Davis
880,Aubrey Davis
881,Baron Davis
882,Ben Davis
883,Bill Davis
884,Bob Davis
885,Brad Davis
886,Brian Davis
887,Charlie Davis
888,Charlie Davis
889,Dale Davis
890,Deyonta Davis
891,Double D Davis
892,Ed Davis
893,Edward Davis
894,Emanual Davis
895,Glen Davis
896,Harry Davis
897,Hubert Davis
898,James Davis
899,Jim Davis
900,Johnny Davis
901,Josh Davis
902,Mark Davis
903,Mark Davis
904,Mel Davis
905,Michael Davis
906,Mike Davis
907,Monti Davis
908,Paul Davis
909,Ralph Davis
910,Ricky Davis
911,Ron Davis
912,Terry Davis
913,Tyler Davis
914,Walt Davis
915,Walter Davis
916,Andre Dawkins
917,Darryl Dawkins
918,Johnny Dawkins
919,Paul Dawkins
920,Branden Dawson
921,Eric Dawson
922,Tony Dawson
923,Todd Day
924,Austin Daye
925,Darren Daye
926,Nando De Colo
927,Dave DeBusschere
928,Andrew DeClercq
929,Nate DeLong
930,DeMar DeRozan
931,Hank DeZonie
932,Greg Deane
933,Dewayne Dedmon
934,Archie Dees
935,Terry Dehere
936,Red Dehnert
937,Bryce Dejean-Jones
938,Sam Dekker
939,Vinny Del Negro
940,Malcolm Delaney
941,Bison Dele
942,Carlos Delfino
943,Angel Delgado
944,Tony Delk
945,Matthew Dellavedova
946,Fennis Dembo
947,Larry Demic
948,Dell Demps
949,George Dempsey
950,Luol Deng
951,Kenny Dennard
952,Blaine Denning
953,Justin Dentmon
954,Randy Denton
955,Rod Derline
956,Marcus Derrickson
957,Dave Deutsch
958,Walter Devlin
959,Ernie DiGregorio
960,Donte DiVincenzo
961,Derrick Dial
962,Cheick Diallo
963,Hamidou Diallo
964,Boris Diaw
965,Yakhouba Diawara
966,Guillermo Diaz
967,Dan Dickau
968,Kaniel Dickens
969,Henry Dickerson
970,Michael Dickerson
971,Derrek Dickey
972,Dick Dickey
973,Travis Diener
974,Gorgui Dieng
975,Connie Dierking
976,Coby Dietrick
977,Mickey Dillard
978,Bob Dille
979,John Dillon
980,Byron Dinkins
981,Jackie Dinkins
982,Bill Dinwiddie
983,Spencer Dinwiddie
984,Spencer Dinwiddie
985,Ike Diogu
986,DeSagana Diop
987,Terry Dischinger
988,Fred Diute
989,Vlade Divac
990,Juan Dixon
991,Aleksandar Djordjevic
992,Earl Dodd
993,Michael Doleac
994,Joe Dolhon
995,Bob Doll
996,James Donaldson
997,Luka Doncic
998,Bob Donham
999,Billy Donovan
1000,Harry Donovan
1001,Keyon Dooling
1002,Jacky Dorsey
1003,Joey Dorsey
1004,Tyler Dorsey
1005,Damyean Dotson
1006,Quincy Douby
1007,Bruce Douglas
1008,John Douglas
1009,Leon Douglas
1010,Sherman Douglas
1011,Toney Douglas
1012,Chris Douglas-Roberts
1013,Lloyd Dove
1014,Zabian Dowdell
1015,Bill Downey
1016,Steve Downing
1017,Danny Doyle
1018,Milton Doyle
1019,PJ Dozier
1020,Terry Dozier
1021,Goran Dragic
1022,Zoran Dragic
1023,Greg Dreiling
1024,Bryce Drew
1025,John Drew
1026,Larry Drew
1027,Larry Drew II
1028,Clyde Drexler
1029,Nate Driggers
1030,Terry Driscoll
1031,Predrag Drobnjak
1032,Ralph Drollinger
1033,Andre Drummond
1034,Dennis DuVal
1035,Dick Duckett
1036,Kevin Duckworth
1037,Charles Dudley
1038,Chris Dudley
1039,Jared Dudley
1040,Terry Duerod
1041,Bob Duffy
1042,Bob Duffy
1043,Chris Duhon
1044,Duje Dukan
1045,Walter Dukes
1046,Joe Dumars
1047,Richard Dumas
1048,Tony Dumas
1049,Andy Duncan
1050,Tim Duncan
1051,Mike Dunleavy
1052,Mike Dunleavy
1053,Kris Dunn
1054,Pat Dunn
1055,T.R. Dunn
1056,Ronald Dupree
1057,Kevin Durant
1058,John Duren
1059,Pat Durham
1060,Devin Durrant
1061,Ken Durrett
1062,Trevon Duval
1063,Jack Dwan
1064,Craig Dykema
1065,Gene Dyker
1066,Jerome Dyson
1067,Ledell Eackles
1068,Jim Eakins
1069,Acie Earl
1070,Ed Earle
1071,Cleanthony Early
1072,Mark Eaton
1073,Jerry Eaves
1074,Devin Ebanks
1075,Bill Ebben
1076,Al Eberhard
1077,Ndudi Ebi
1078,Jarell Eddie
1079,Patrick Eddie
1080,Thomas Eddleman
1081,Kent Edelin
1082,Keith Edmonson
1083,Tyus Edney
1084,Bill Edwards
1085,Blue Edwards
1086,Corsley Edwards
1087,Doug Edwards
1088,Franklin Edwards
1089,James Edwards
1090,Jay Edwards
1091,John Edwards
1092,Kevin Edwards
1093,Shane Edwards
1094,Vincent Edwards
1095,Johnny Egan
1096,Lonnie Eggleston
1097,Eddie Ehlers
1098,Craig Ehlo
1099,Dick Eichhorst
1100,Howard Eisley
1101,Obinna Ekezie
1102,Khalid El-Amin
1103,Don Eliason
1104,Mario Elie
1105,Ray Ellefson
1106,Henry Ellenson
1107,Wayne Ellington
1108,Bob Elliott
1109,Sean Elliott
1110,Alexander Ellis
1111,Bo Ellis
1112,Dale Ellis
1113,Harold Ellis
1114,Joe Ellis
1115,LaPhonso Ellis
1116,LeRon Ellis
1117,Leroy Ellis
1118,Monta Ellis
1119,Pervis Ellison
1120,Len Elmore
1121,Francisco Elson
1122,Darrell Elston
1123,Melvin Ely
1124,Joel Embiid
1125,Wayne Embry
1126,Andre Emmett
1127,Ned Endress
1128,Chris Engler
1129,Wayne Englestad
1130,A.J. English
1131,Alex English
1132,Claude English
1133,Jojo English
1134,Kim English
1135,Scott English
1136,Gene Englund
1137,Tyler Ennis
1138,James Ennis III
1139,Ray Epps
1140,Semih Erden
1141,Bo Erias
1142,Keith Erickson
1143,Julius Erving
1144,Evan Eschmeyer
1145,Jack Eskridge
1146,Vincenzo Esposito
1147,Drew Eubanks
1148,Bob Evans
1149,Brian Evans
1150,Earl Evans
1151,Jacob Evans
1152,Jawun Evans
1153,Jeremy Evans
1154,Maurice Evans
1155,Mike Evans
1156,Reggie Evans
1157,Tyreke Evans
1158,Daniel Ewing
1159,Patrick Ewing
1160,Patrick Ewing
1161,Dante Exum
1162,Christian Eyenga
1163,Festus Ezeli
1164,Johnny Ezersky
1165,Joe Fabel
1166,John Fairchild
1167,Phil Farbman
1168,Kenneth Faried
1169,Dick Farley
1170,Jordan Farmar
1171,Desmon Farmer
1172,Jim Farmer
1173,Mike Farmer
1174,Tony Farmer
1175,Bob Faught
1176,Vitor Faverani
1177,Derrick Favors
1178,Nick Fazekas
1179,Dave Fedor
1180,Bob Feerick
1181,Butch Feher
1182,Jamie Feick
1183,Ron Feiereisel
1184,George Feigenbaum
1185,Dave Feitl
1186,Kay Felder
1187,Cristiano Felicio
1188,Carrick Felix
1189,Noel Felix
1190,Ray Felix
1191,Raymond Felton
1192,Jake Fendley
1193,Bill Fenley
1194,Desmond Ferguson
1195,Terrance Ferguson
1196,Rudy Fernandez
1197,Eric Fernsten
1198,Al Ferrari
1199,Rolando Ferreira
1200,Duane Ferrell
1201,Yogi Ferrell
1202,Arnie Ferrin
1203,Bob Ferry
1204,Danny Ferry
1205,Kyrylo Fesenko
1206,Kenny Fields
1207,Landry Fields
1208,Ron Filipek
1209,Greg Fillmore
1210,Hank Finkel
1211,Michael Finley
1212,Danny Finn
1213,Dorian Finney-Smith
1214,Matt Fish
1215,Derek Fisher
1216,Gerald Fitch
1217,Bob Fitzgerald
1218,Dick Fitzgerald
1219,Marcus Fizer
1220,Jerry Fleishman
1221,Al Fleming
1222,Ed Fleming
1223,Vern Fleming
1224,Luis Flores
1225,Bruce Flowers
1226,Sleepy Floyd
1227,Jonny Flynn
1228,Mike Flynn
1229,Larry Fogle
1230,Jack Foley
1231,Ike Fontaine
1232,Levi Fontaine
1233,Jeff Foote
1234,Bryn Forbes
1235,Gary Forbes
1236,Alphonso Ford
1237,Alton Ford
1238,Chris Ford
1239,Don Ford
1240,Jake Ford
1241,Phil Ford
1242,Sharrod Ford
1243,Sherell Ford
1244,T.J. Ford
1245,Donnie Forman
1246,Bayard Forrest
1247,Joseph Forte
1248,Courtney Fortson
1249,Danny Fortson
1250,Fred Foster
1251,Greg Foster
1252,Jeff Foster
1253,Rod Foster
1254,Antonis Fotsis
1255,Evan Fournier
1256,Larry Foust
1257,Jerry Fowler
1258,Tremaine Fowlkes
1259,De'Aaron Fox
1260,Harold Fox
1261,Jim Fox
1262,Rick Fox
1263,Randy Foye
1264,Adonal Foyle
1265,Richie Frahm
1266,Steve Francis
1267,Tellis Frank
1268,Nat Frankel
1269,Jamaal Franklin
1270,Michael Frazier
1271,Tim Frazier
1272,Walt Frazier
1273,Will Frazier
1274,Melvin Frazier Jr.
1275,Anthony Frederick
1276,Jimmer Fredette
1277,World Free
1278,Joel Freeland
1279,Donnie Freeman
1280,Gary Freeman
1281,Rod Freeman
1282,Matt Freije
1283,Frido Frey
1284,Larry Friend
1285,Pat Frink
1286,Jim Fritsche
1287,Channing Frye
1288,Bernie Fryer
1289,Frank Fucarino
1290,Herm Fuetsch
1291,Joe Fulks
1292,Hiram Fuller
1293,Todd Fuller
1294,Tony Fuller
1295,Markelle Fultz
1296,Lawrence Funderburke
1297,Terry Furlow
1298,Billy Gabor
1299,Wenyen Gabriel
1300,Dan Gadzuric
1301,Tony Gaffney
1302,Deng Gai
1303,Elmer R. Gainer
1304,Corey Gaines
1305,Reece Gaines
1306,Sundiata Gaines
1307,Mike Gale
1308,Chad Gallagher
1309,Harry Gallatin
1310,Danilo Gallinari
1311,Langston Galloway
1312,Dave Gambee
1313,Kevin Gamble
1314,Bob Gantt
1315,Jorge Garbajosa
1316,Ruben Garces
1317,Alex Garcia
1318,Francisco Garcia
1319,Earl Gardner
1320,Thomas Gardner
1321,Vern Gardner
1322,Jack Garfinkel
1323,Patricio Garino
1324,Gary Garland
1325,Winston Garland
1326,Dick Garmaker
1327,Chris Garner
1328,Bill Garnett
1329,Kevin Garnett
1330,Marlon Garnett
1331,Billy Garrett
1332,Calvin Garrett
1333,Dean Garrett
1334,Diante Garrett
1335,Eldo Garrett
1336,Rowland Garrett
1337,Tom Garrick
1338,John Garris
1339,Kiwane Garris
1340,Pat Garrity
1341,Jim Garvin
1342,Marc Gasol
1343,Pau Gasol
1344,Frank Gates
1345,Chris Gatling
1346,Kenny Gattison
1347,Rudy Gay
1348,Ed Gayda
1349,Andrew Gaze
1350,Michael Gbinije
1351,Reggie Geary
1352,Alonzo Gee
1353,Matt Geiger
1354,Mickael Gelabale
1355,Devean George
1356,Jack George
1357,Paul George
1358,Tate George
1359,Marcus Georges-Hunt
1360,Gus Gerard
1361,Derrick Gervin
1362,George Gervin
1363,Gorham Getchell
1364,John Gianelli
1365,Dick Gibbs
1366,Daniel Gibson
1367,Dee Gibson
1368,Jonathan Gibson
1369,Mel Gibson
1370,Mike Gibson
1371,Taj Gibson
1372,Ward Gibson
1373,J.R. Giddens
1374,Trey Gilder
1375,Harry Giles III
1376,Shai Gilgeous-Alexander
1377,Eddie Gill
1378,Kendall Gill
1379,Ben Gillery
1380,Gene Gillette
1381,Armen Gilliam
1382,Herm Gilliam
1383,Artis Gilmore
1384,Walt Gilmore
1385,Chuck Gilmur
1386,Manu Ginobili
1387,Gordan Giricek
1388,Jack Givens
1389,Mickell Gladness
1390,George Glamack
1391,Gerald Glass
1392,Mike Glenn
1393,Norman Glick
1394,Georgi Glouchkov
1395,Clarence Glover
1396,Dion Glover
1397,Andreas Glyniadakis
1398,Mike Gminski
1399,Rudy Gobert
1400,Dan Godfread
1401,Tom Gola
1402,Ben Goldfaden
1403,Anthony Goldwire
1404,Ryan Gomes
1405,Glen Gondrezick
1406,Grant Gondrezick
1407,Drew Gooden
1408,Gail Goodrich
1409,Steve Goodrich
1410,Archie Goodwin
1411,Brandon Goodwin
1412,Wilfred Goodwin
1413,Aaron Gordon
1414,Ben Gordon
1415,Drew Gordon
1416,Eric Gordon
1417,Lancaster Gordon
1418,Paul Gordon
1419,Marcin Gortat
1420,Leo Gottlieb
1421,Andrew Goudelock
1422,Bato Govedarica
1423,Joe Graboski
1424,Ricky Grace
1425,Devonte' Graham
1426,Greg Graham
1427,Joey Graham
1428,Mal Graham
1429,Orlando Graham
1430,Paul Graham
1431,Stephen Graham
1432,Treveon Graham
1433,Jim Grandholm
1434,Ronnie Grandison
1435,Danny Granger
1436,Stewart Granger
1437,Brian Grant
1438,Bud Grant
1439,Gary Grant
1440,Greg Grant
1441,Harvey Grant
1442,Horace Grant
1443,Jerami Grant
1444,Jerian Grant
1445,Josh Grant
1446,Paul Grant
1447,Travis Grant
1448,Donte Grantham
1449,Don Grate
1450,Butch Graves
1451,Aaron Gray
1452,Devin Gray
1453,Ed Gray
1454,Evric Gray
1455,Gary Gray
1456,Josh Gray
1457,Leonard Gray
1458,Stuart Gray
1459,Sylvester Gray
1460,Wyndol Gray
1461,Jeff Grayer
1462,Bob Greacen
1463,A.C. Green
1464,Danny Green
1465,Devin Green
1466,Draymond Green
1467,Erick Green
1468,Gerald Green
1469,JaMychal Green
1470,Jeff Green
1471,Johnny Green
1472,Ken Green
1473,Kenny Green
1474,Lamar Green
1475,Litterial Green
1476,Luther Green
1477,Mike Green
1478,Rickey Green
1479,Sean Green
1480,Si Green
1481,Sidney Green
1482,Steve Green
1483,Taurean Green
1484,Tommy Green
1485,Willie Green
1486,Donte Greene
1487,Orien Greene
1488,Jerry Greenspan
1489,David Greenwood
1490,Hal Greer
1491,Lynn Greer
1492,Gary Gregor
1493,Claude Gregory
1494,John Greig
1495,Norm Grekin
1496,Kevin Grevey
1497,Adrian Griffin
1498,Blake Griffin
1499,Eddie Griffin
1500,Greg Griffin
1501,Paul Griffin
1502,Taylor Griffin
1503,Darrell Griffith
1504,Chuck Grigsby
1505,Derek Grimm
1506,George Grimshaw
1507,Dick Groat
1508,Bob Gross
1509,Jerry Grote
1510,Alex Groza
1511,Anthony Grundy
1512,Ernie Grunfeld
1513,Gene Guarilia
1514,Petur Gudmundsson
1515,Richie Guerin
1516,Tom Gugliotta
1517,Andres Guibert
1518,Jay Guidinger
1519,Coulby Gunther
1520,Dave Gunther
1521,Al Guokas
1522,Matt Guokas
1523,Matt Guokas
1524,Jorge Gutierrez
1525,A.J. Guyton
1526,Ha Ha
1527,Rudy Hackett
1528,Hamed Haddadi
1529,Scott Haffner
1530,Cliff Hagan
1531,Glenn Hagan
1532,Bob Hahn
1533,Al Hairston
1534,Happy Hairston
1535,Lindsay Hairston
1536,Malik Hairston
1537,PJ Hairston
1538,Marcus Haislip
1539,Chuck Halbert
1540,Harvey Halbrook
1541,Bruce Hale
1542,Jack Haley
1543,Shaler Halimon
1544,Mike Hall
1545,Jeff Halliburton
1546,Darvin Ham
1547,Steve Hamer
1548,Dale Hamilton
1549,Daniel Hamilton
1550,Dennis Hamilton
1551,Jordan Hamilton
1552,Justin Hamilton
1553,Ralph Hamilton
1554,Richard Hamilton
1555,Roylee Hamilton
1556,Steve Hamilton
1557,Tang Hamilton
1558,Thomas Hamilton
1559,Zendon Hamilton
1560,Geert Hammink
1561,Tom Hammonds
1562,AJ Hammons
1563,Darrin Hancock
1564,Ben Handlogten
1565,Cecil Hankins
1566,Phil Hankinson
1567,Dusty Hannahs
1568,Alex Hannum
1569,Don Hanrahan
1570,Rollen Hans
1571,Ben Hansbrough
1572,Tyler Hansbrough
1573,Bob Hansen
1574,Glenn Hansen
1575,Lars Hansen
1576,Travis Hansen
1577,Reggie Hanson
1578,Bill Hanzlik
1579,Luke Harangody
1580,Anfernee Hardaway
1581,Tim Hardaway
1582,Tim Hardaway Jr.
1583,James Harden
1584,Reggie Harding
1585,Charlie Hardnett
1586,Alan Hardy
1587,James Hardy
1588,John Hargis
1589,Maurice Harkless
1590,Jerry Harkness
1591,Skip Harlicka
1592,Jerome Harmon
1593,Derek Harper
1594,Justin Harper
1595,Mike Harper
1596,Ron Harper
1597,Matt Harpring
1598,Montrezl Harrell
1599,Josh Harrellson
1600,Adam Harrington
1601,Al Harrington
1602,Junior Harrington
1603,Othella Harrington
1604,Art Harris
1605,Bernie Harris
1606,Bob Harris
1607,Chris Harris
1608,Devin Harris
1609,Elias Harris
1610,Gary Harris
1611,Joe Harris
1612,Lucious Harris
1613,Manny Harris
1614,Mike Harris
1615,Steve Harris
1616,Terrel Harris
1617,Tobias Harris
1618,Tony Harris
1619,Aaron Harrison
1620,Andrew Harrison
1621,Bob Harrison
1622,David Harrison
1623,Shaquille Harrison
1624,Jason Hart
1625,Josh Hart
1626,Isaiah Hartenstein
1627,Antonio Harvey
1628,Donnell Harvey
1629,Kenny Hasbrouck
1630,Scott Haskin
1631,Clem Haskins
1632,Udonis Haslem
1633,Trenton Hassell
1634,Billy Hassett
1635,Joey Hassett
1636,Scott Hastings
1637,Kirk Haston
1638,Vern Hatton
1639,John Havlicek
1640,Spencer Hawes
1641,Steve Hawes
1642,Connie Hawkins
1643,Hersey Hawkins
1644,Juaquin Hawkins
1645,Marshall Hawkins
1646,Michael Hawkins
1647,Robert Hawkins
1648,Tom Hawkins
1649,Nate Hawthorne
1650,Chuck Hayes
1651,Elvin Hayes
1652,Jarvis Hayes
1653,Nigel Hayes
1654,Steve Hayes
1655,Gordon Hayward
1656,Lazar Hayward
1657,Brendan Haywood
1658,Spencer Haywood
1659,John W. Hazen
1660,Walt Hazzard
1661,Luther Head
1662,Shane Heal
1663,Brian Heaney
1664,Garfield Heard
1665,Reggie Hearn
1666,Herm Hedderick
1667,Alvin Heggs
1668,Tom Heinsohn
1669,Dick Hemric
1670,Alan Henderson
1671,Cedric Henderson
1672,Cedric Henderson
1673,Dave Henderson
1674,Gerald Henderson
1675,Gerald Henderson
1676,J.R. Henderson
1677,Jerome Henderson
1678,Kevin Henderson
1679,Tom Henderson
1680,Mark Hendrickson
1681,Larry Hennessy
1682,Don Henriksen
1683,Al Henry
1684,Bill Henry
1685,Carl Henry
1686,Conner Henry
1687,Myke Henry
1688,Skeeter Henry
1689,Xavier Henry
1690,John Henson
1691,Steve Henson
1692,Bill Herman
1693,Clarence Hermsen
1694,Juancho Hernangomez
1695,Willy Hernangomez
1696,Chris Herren
1697,Carl Herrera
1698,Walter Herrmann
1699,Keith Herron
1700,Sidney Hertzberg
1701,Fred Hetzel
1702,Bill Hewitt
1703,Jack Hewson
1704,Art Heyman
1705,Mario Hezonja
1706,Roy Hibbert
1707,Matthew Hickey
1708,Isaiah Hicks
1709,Phil Hicks
1710,JJ Hickson
1711,Buddy Hield
1712,Cory Higgins
1713,Mike Higgins
1714,Rod Higgins
1715,Sean Higgins
1716,Kenny Higgs
1717,Johnny High
1718,Haywood Highsmith
1719,Wayne Hightower
1720,Nene
1721,Armond Hill
1722,Cleo Hill
1723,Gary Hill
1724,George Hill
1725,Grant Hill
1726,Herbert Hill
1727,Jordan Hill
1728,Solomon Hill
1729,Steven Hill
1730,Tyrone Hill
1731,Art Hillhouse
1732,Darrun Hilliard
1733,Darnell Hillman
1734,Fred Hilton
1735,Kirk Hinrich
1736,Roy Hinson
1737,Mel Hirsch
1738,Lew Hitch
1739,Robert Hite
1740,Darington Hobson
1741,Donald Hodge
1742,Julius Hodge
1743,Craig Hodges
1744,Adolph Hoefer
1745,"Bear, The Body Hoffman"
1746,Bob Hogsett
1747,Paul Hogue
1748,Fred Hoiberg
1749,Doug Holcomb
1750,Randy Holcomb
1751,Aaron Holiday
1752,Jrue Holiday
1753,Justin Holiday
1754,Brad Holland
1755,Joe Holland
1756,John Holland
1757,Wilbur Holland
1758,Lionel Hollins
1759,Ryan Hollins
1760,Essie Hollis
1761,Rondae Hollis-Jefferson
1762,Richaun Holmes
1763,Jim Holstein
1764,Alvin Holt
1765,Michael Holton
1766,Dick Holub
1767,Joe Holup
1768,Red Holzman
1769,Jerald Honeycutt
1770,Tyler Honeycutt
1771,Derek Hood
1772,Rodney Hood
1773,Tom Hoover
1774,Bob Hopkins
1775,Dave Hoppen
1776,Dennis Hopson
1777,Scotty Hopson
1778,Johnny Horan
1779,Cedrick Hordges
1780,Al Horford
1781,Tito Horford
1782,Ron Horn
1783,Jeff Hornacek
1784,Dennis Horner
1785,Robert Horry
1786,Ed Horton
1787,Wilmer Hosket
1788,Bob Houbregs
1789,Eddie House
1790,Danuel House Jr.
1791,Allan Houston
1792,Byron Houston
1793,Tom Hovasse
1794,Brian Howard
1795,Dwight Howard
1796,Greg Howard
1797,Josh Howard
1798,Juwan Howard
1799,Mo Howard
1800,Otis Howard
1801,Stephen Howard
1802,Bailey Howell
1803,Bob Hubbard
1804,Phil Hubbard
1805,Lester Hudson
1806,Lou Hudson
1807,Troy Hudson
1808,Marcelo Huertas
1809,Kevin Huerter
1810,Josh Huestis
1811,Nate Huffman
1812,Alfredrick Hughes
1813,Eddie Hughes
1814,Kim Hughes
1815,Larry Hughes
1816,Rick Hughes
1817,Robbie Hummel
1818,John Hummer
1819,Ryan Humphrey
1820,Isaac Humphries
1821,Jay Humphries
1822,Kris Humphries
1823,Rod Hundley
1824,Brandon Hunter
1825,Cedric Hunter
1826,Chris Hunter
1827,Les Hunter
1828,Lindsey Hunter
1829,Othello Hunter
1830,RJ Hunter
1831,Steven Hunter
1832,Vincent Hunter
1833,Bobby Hurley
1834,Roy Hurley
1835,Geoff Huston
1836,Paul Huston
1837,Mel Hutchins
1838,Chandler Hutchison
1839,Joe Hutton
1840,Greg Hyder
1841,Marc Iavaroni
1842,Serge Ibaka
1843,Andre Iguodala
1844,Zydrunas Ilgauskas
1845,Mile Ilic
1846,Ersan Ilyasova
1847,Darrall Imhoff
1848,Tom Ingelsby
1849,Joe Ingles
1850,Damien Inglis
1851,Andre Ingram
1852,Brandon Ingram
1853,Joel Ingram
1854,Byron Irvin
1855,Kyrie Irving
1856,Jonathan Isaac
1857,Dan Issel
1858,Mike Iuzzolino
1859,Allen Iverson
1860,Royal Ivey
1861,Wes Iwundu
1862,Jarrett Jack
1863,Aaron Jackson
1864,Al Jackson
1865,Bobby Jackson
1866,Cedric Jackson
1867,Darnell Jackson
1868,Demetrius Jackson
1869,Frank Jackson
1870,Greg Jackson
1871,Jaren Jackson
1872,Jermaine Jackson
1873,Jim Jackson
1874,Josh Jackson
1875,Justin Jackson
1876,Lucious Jackson
1877,Luke Jackson
1878,Marc Jackson
1879,Mark Jackson
1880,Michael Jackson
1881,Myron Jackson
1882,Phil Jackson
1883,Pierre Jackson
1884,Ralph Jackson
1885,Randell Jackson
1886,Reggie Jackson
1887,Stanley Jackson
1888,Stephen Jackson
1889,Tony Jackson
1890,Tracy Jackson
1891,Wardell Jackson
1892,Jaren Jackson Jr.
1893,Winfred Jacobs
1894,Casey Jacobsen
1895,Sam Jacobson
1896,Dave Jamerson
1897,Aaron James
1898,Bernard James
1899,Damion James
1900,Gene James
1901,Henry James
1902,Jerome James
1903,LeBron James
1904,Mike James
1905,Mike James
1906,Tim James
1907,Antawn Jamison
1908,Harold Jamison
1909,John Janisch
1910,Howie Janotta
1911,Marko Jaric
1912,Tony Jaros
1913,Sarunas Jasikevicius
1914,Nathan Jawai
1915,Buddy Jeannette
1916,Abdul Jeelani
1917,Chris Jefferies
1918,Othyus Jeffers
1919,Al Jefferson
1920,Amile Jefferson
1921,Cory Jefferson
1922,Dontell Jefferson
1923,Richard Jefferson
1924,Jared Jeffries
1925,Charles Jenkins
1926,Horace Jenkins
1927,John Jenkins
1928,Brandon Jennings
1929,Keith Jennings
1930,Chris Jent
1931,Les Jepsen
1932,Jonas Jerebko
1933,Curtis Jerrells
1934,Grant Jerrett
1935,Pooh Jeter
1936,Britton Johnsen
1937,Alexander Johnson
1938,Alize Johnson
1939,Amir Johnson
1940,Andy Johnson
1941,Anthony Johnson
1942,Armon Johnson
1943,Arnie Johnson
1944,Avery Johnson
1945,BJ Johnson
1946,Brice Johnson
1947,Buck Johnson
1948,Carldell Johnson
1949,Charlie Johnson
1950,Chris Johnson
1951,Chris Johnson
1952,Clay Johnson
1953,Clemon Johnson
1954,Dakari Johnson
1955,Darryl Johnson
1956,Dave Johnson
1957,David Johnson
1958,DeMarco Johnson
1959,Dennis Johnson
1960,DerMarr Johnson
1961,Eddie Johnson
1962,Eddie Johnson
1963,Eric Johnson
1964,Ervin Johnson
1965,Frank Johnson
1966,George Johnson
1967,George Johnson
1968,George Johnson
1969,Gus Johnson
1970,Harold Johnson
1971,Ivan Johnson
1972,JaJuan Johnson
1973,James Johnson
1974,Joe Johnson
1975,John Johnson
1976,Kannard Johnson
1977,Ken Johnson
1978,Ken Johnson
1979,Kevin Johnson
1980,Larry Johnson
1981,Larry Johnson
1982,Lee Johnson
1983,Linton Johnson
1984,Lynbert Johnson
1985,Magic Johnson
1986,Marques Johnson
1987,Mickey Johnson
1988,Neil Johnson
1989,Nick Johnson
1990,Ollie Johnson
1991,Omari Johnson
1992,Orlando Johnson
1993,Reggie Johnson
1994,Rich Johnson
1995,Ron Johnson
1996,Stanley Johnson
1997,Steffond Johnson
1998,Steve Johnson
1999,Trey Johnson
2000,Tyler Johnson
2001,Vinnie Johnson
2002,Wesley Johnson
2003,Darius Johnson-Odom
2004,Nate Johnston
2005,Neil Johnston
2006,Jim Johnstone
2007,Nikola Jokic
2008,Howie Jolliff
2009,Alvin Jones
2010,Anthony Jones
2011,Askia Jones
2012,Bill Jones
2013,Bobby Jones
2014,Bobby Jones
2015,Caldwell Jones
2016,Charles Jones
2017,Charles Jones
2018,Charles R. Jones
2019,Dahntay Jones
2020,Damian Jones
2021,Damon Jones
2022,DeQuan Jones
2023,Dominique Jones
2024,Dontae' Jones
2025,Dwayne Jones
2026,Dwight Jones
2027,Earl Jones
2028,Eddie Jones
2029,Edgar Jones
2030,Fred Jones
2031,Jake Jones
2032,Jalen Jones
2033,James Jones
2034,Jemerrio Jones
2035,Jimmy Jones
2036,Johnny Jones
2037,Jumaine Jones
2038,K.C. Jones
2039,Kevin Jones
2040,Larry Jones
2041,Major Jones
2042,Mark Jones
2043,Mark Jones
2044,Nick Jones
2045,Ozell Jones
2046,Popeye Jones
2047,Rich Jones
2048,Robin Jones
2049,Sam Jones
2050,Shelton Jones
2051,Solomon Jones
2052,Steve Jones
2053,Terrence Jones
2054,Tyus Jones
2055,Wali Jones
2056,Wallace Jones
2057,Wil Jones
2058,Willie Jones
2059,Willie Jones
2060,Perry Jones III
2061,Derrick Jones Jr.
2062,Adonis Jordan
2063,DeAndre Jordan
2064,Eddie Jordan
2065,Jerome Jordan
2066,Michael Jordan
2067,Reggie Jordan
2068,Thomas Jordan
2069,Walter Jordan
2070,Phil Jordon
2071,Johnny Jorgensen
2072,Noble Jorgensen
2073,Roger Jorgensen
2074,Cory Joseph
2075,Garth Joseph
2076,Kris Joseph
2077,Yvon Joseph
2078,Jeff Judkins
2079,Edwin Kachan
2080,George Kaftan
2081,Ed Kalafat
2082,Chris Kaman
2083,Frank Kaminsky
2084,Enes Kanter
2085,Ralph Kaplowitz
2086,Jason Kapono
2087,Tony Kappen
2088,Sergey Karasev
2089,Coby Karl
2090,George Karl
2091,Ed Kasid
2092,Mario Kasun
2093,Leo Katkaveck
2094,Bob Kauffman
2095,Sasha Kaun
2096,Wilbert Kautz
2097,Clarence Kea
2098,Michael Kearns
2099,Tommy Kearns
2100,Adam Keefe
2101,Harold Keeling
2102,Ken Keller
2103,Rich Kelley
2104,Clark Kellogg
2105,Gerard Kelly
2106,Ryan Kelly
2107,Tom Kelly
2108,Greg Kelser
2109,Ben Kelso
2110,Shawn Kemp
2111,Tim Kempton
2112,Frank Kendrick
2113,Luke Kennard
2114,D.J. Kennedy
2115,Eugene Kennedy
2116,Joe Kennedy
2117,William Kennedy
2118,Larry Kenon
2119,Bill Kenville
2120,Jonathan Kerner
2121,Johnny Kerr
2122,Steve Kerr
2123,Jack Kerris
2124,Jerome Kersey
2125,Alec Kessler
2126,Lari Ketner
2127,Randolph Keys
2128,Viktor Khryapa
2129,Jason Kidd
2130,Warren Kidd
2131,Michael Kidd-Gilchrist
2132,Irv Kiffin
2133,Jack Kiley
2134,Ernie Killum
2135,Carl Kilpatrick
2136,Sean Kilpatrick
2137,Toby Kimball
2138,Bo Kimble
2139,Stan Kimbrough
2140,Chad Kinch
2141,Albert King
2142,Bernard King
2143,Chris King
2144,Dan King
2145,Frankie King
2146,George King
2147,George King
2148,Gerard King
2149,Jim King
2150,Jimmy King
2151,Maury King
2152,Reggie King
2153,Rich King
2154,Stacey King
2155,Tom King
2156,Bob Kinney
2157,Tarence Kinsey
2158,Andrei Kirilenko
2159,Alex Kirk
2160,Walt Kirk
2161,Doug Kistler
2162,Curtis Kitchen
2163,Greg Kite
2164,Kerry Kittles
2165,Maxi Kleber
2166,Joe Kleine
2167,Linas Kleiza
2168,Leo Klier
2169,Herm Klotz
2170,Duane Klueh
2171,Billy Knight
2172,Bob Knight
2173,Brandin Knight
2174,Brandon Knight
2175,Brevin Knight
2176,Negele Knight
2177,Ron Knight
2178,Toby Knight
2179,Travis Knight
2180,Lee Knorek
2181,Dick Knostman
2182,Rod Knowles
2183,Kevin Knox
2184,Bart Kofoed
2185,Don Kojis
2186,Milo Komenich
2187,Howard Komives
2188,Jon Koncak
2189,Bud Koper
2190,Joe Kopicki
2191,Furkan Korkmaz
2192,Frank Kornet
2193,Luke Kornet
2194,Yaroslav Korolev
2195,Kyle Korver
2196,Len Kosmalski
2197,Andy Kostecka
2198,Harold Kottman
2199,Kosta Koufos
2200,Tom Kozelko
2201,Arvid Kramer
2202,Barry Kramer
2203,Joel Kramer
2204,Dan Kraus
2205,Herb Krautblatt
2206,Viacheslav Kravtsov
2207,Jim Krebs
2208,Wayne Kreklow
2209,Tom Kron
2210,Tom Kropp
2211,Nenad Krstic
2212,Larry Krystkowiak
2213,Steve Kuberski
2214,Leo Kubiak
2215,Bruce Kuczenski
2216,Frank Kudelka
2217,John Kuester
2218,Ray Kuka
2219,Toni Kukoc
2220,Kevin Kunnert
2221,Mitch Kupchak
2222,Charles Kupec
2223,Rodions Kurucs
2224,Rob Kurz
2225,Ibrahim Kutluay
2226,Kyle Kuzma
2227,Ognjen Kuzmic
2228,Mindaugas Kuzminskas
2229,Fred LaCour
2230,Raef LaFrentz
2231,Tom LaGarde
2232,Rusty LaRue
2233,Rudy LaRusso
2234,Zach LaVine
2235,Skal Labissiere
2236,Sam Lacey
2237,Christian Laettner
2238,Oliver Lafayette
2239,Bill Laimbeer
2240,Pete Lalich
2241,Bo Lamar
2242,Doron Lamb
2243,Jeremy Lamb
2244,John Lambert
2245,Jeff Lamp
2246,Maciej Lampe
2247,Jim Lampley
2248,Sean Lampley
2249,Carl Landry
2250,Marcus Landry
2251,Mark Landsberger
2252,Jerome Lane
2253,Andrew Lang
2254,Antonio Lang
2255,James Lang
2256,Trajan Langdon
2257,Keith Langford
2258,Dan Langhi
2259,Bob Lanier
2260,Stu Lantz
2261,Nicolas Laprovittola
2262,York Larese
2263,Shane Larkin
2264,John Laskowski
2265,Stephane Lasme
2266,Dave Lattin
2267,Priest Lauderdale
2268,Rich Laurel
2269,Walt Lautenbach
2270,Joffrey Lauvergne
2271,Tony Lavelli
2272,Bob Lavoy
2273,Acie Law
2274,Gani Lawal
2275,Ed Lawrence
2276,Jason Lawson
2277,Ty Lawson
2278,Jake Layman
2279,Dennis Layton
2280,Caris LeVert
2281,TJ Leaf
2282,Emanuel Leaks
2283,Hal Lear
2284,Allen Leavell
2285,Jeff Lebo
2286,Eric Leckner
2287,Ricky Ledo
2288,Butch Lee
2289,Clyde Lee
2290,Courtney Lee
2291,Damion Lee
2292,David Lee
2293,Doug Lee
2294,George Lee
2295,Greg Lee
2296,Keith Lee
2297,Kurk Lee
2298,Malcolm Lee
2299,Rock Lee
2300,Ron Lee
2301,Russell Lee
2302,Ed Leede
2303,Hank Lefkowitz
2304,Tim Legler
2305,George Lehmann
2306,Walter Lemon Jr.
2307,Alex Len
2308,Voshon Lenard
2309,Bob Leonard
2310,Gary Leonard
2311,Kawhi Leonard
2312,Meyers Leonard
2313,Jim Les
2314,Travis Leslie
2315,Ronnie Lester
2316,Clifford Lett
2317,Jon Leuer
2318,Andrew Levane
2319,Lafayette Lever
2320,Cliff Levingston
2321,Bobby Lewis
2322,Cedric Lewis
2323,Fred Lewis
2324,Freddie Lewis
2325,Grady Lewis
2326,Martin Lewis
2327,Quincy Lewis
2328,Ralph Lewis
2329,Rashard Lewis
2330,Reggie Lewis
2331,Marcus Liberty
2332,Todd Lichti
2333,DeAndre Liggins
2334,Bill Ligon
2335,Damian Lillard
2336,Jeremy Lin
2337,Steve Lingenfelter
2338,Alton Lister
2339,Randy Livingston
2340,Shaun Livingston
2341,Ron Livingstone
2342,Horacio Llamas
2343,Earl Lloyd
2344,Lewis Lloyd
2345,Scott Lloyd
2346,Bob Lochmueller
2347,Robert Lock
2348,Darrell Lockhart
2349,Ian Lockhart
2350,Kevin Loder
2351,Don Lofgran
2352,Zach Lofton
2353,Johnny Logan
2354,Brad Lohaus
2355,Art Long
2356,Grant Long
2357,John Long
2358,Paul Long
2359,Shawn Long
2360,Luc Longley
2361,Kevon Looney
2362,Brook Lopez
2363,Felipe Lopez
2364,Raul Lopez
2365,Robin Lopez
2366,Ryan Lorthridge
2367,Jim Loscutoff
2368,Plummer Lott
2369,Kevin Loughery
2370,Bob Love
2371,Kevin Love
2372,Stan Love
2373,Clyde Lovellette
2374,Sidney Lowe
2375,Chuck Lowery
2376,Kyle Lowry
2377,Jordan Loyd
2378,Al Lucas
2379,Jerry Lucas
2380,John Lucas
2381,Kalin Lucas
2382,Maurice Lucas
2383,John Lucas III
2384,Ted Luckenbill
2385,Tyronn Lue
2386,Jim Luisi
2387,Al Lujack
2388,Phil Lumpkin
2389,Ray Lumpp
2390,Timothe Luwawu-Cabarrot
2391,Tyler Lydon
2392,Trey Lyles
2393,George Lynch
2394,Kevin Lynch
2395,Mike Lynn
2396,Sheldon Mac
2397,Todd MacCulloch
2398,Ronnie MacGilvray
2399,Don MacLean
2400,Mike Macaluso
2401,Ed Macauley
2402,Scott Machado
2403,Arvydas Macijauskas
2404,Ollie Mack
2405,Sam Mack
2406,Shelvin Mack
2407,Malcolm Mackey
2408,Rudy Macklin
2409,Vernon Macklin
2410,Johnny Macknowski
2411,Daryl Macon
2412,Mark Macon
2413,J.P. Macura
2414,Kyle Macy
2415,Jack Maddox
2416,Tito Maddox
2417,Gerald Madkins
2418,Mark Madsen
2419,Norm Mager
2420,Josh Magette
2421,Corey Maggette
2422,Dave Magley
2423,Jamaal Magloire
2424,Ian Mahinmi
2425,John Mahnken
2426,Francis Mahoney
2427,Rick Mahorn
2428,Dan Majerle
2429,Renaldo Major
2430,Thon Maker
2431,Lionel Malamed
2432,Jeff Malone
2433,Karl Malone
2434,Moses Malone
2435,Matt Maloney
2436,Steve Malovic
2437,Ted Manakas
2438,John Mandic
2439,Frank Mangiapane
2440,Marcus Mann
2441,Danny Manning
2442,Ed Manning
2443,Richard Manning
2444,Pace Mannion
2445,Nick Mantis
2446,Pete Maravich
2447,Peter Maravich
2448,Devyn Marble
2449,Roy Marble
2450,Stephon Marbury
2451,Sarunas Marciulionis
2452,Saul Mariaschin
2453,Jack Marin
2454,Shawn Marion
2455,Boban Marjanovic
2456,Lauri Markkanen
2457,Damir Markota
2458,Sean Marks
2459,Harvey Marlatt
2460,Eric Marsh
2461,Jim Marsh
2462,Donny Marshall
2463,Donyell Marshall
2464,Kendall Marshall
2465,Rawle Marshall
2466,Tom Marshall
2467,Vester Marshall
2468,Bill Martin
2469,Bob Martin
2470,Brian Martin
2471,Cartier Martin
2472,Cuonzo Martin
2473,Darrick Martin
2474,Don Martin
2475,Donald Martin
2476,Fernando Martin
2477,Jarell Martin
2478,Jeff Martin
2479,Kenyon Martin
2480,Kevin Martin
2481,Larue Martin
2482,Mo Martin
2483,Phil Martin
2484,Ronald Martin
2485,Slater Martin
2486,Jamal Mashburn
2487,Al Masino
2488,Anthony Mason
2489,Desmond Mason
2490,Frank Mason
2491,Roger Mason Jr.
2492,Tony Massenburg
2493,Eddie Mast
2494,Yante Maten
2495,Mangok Mathiang
2496,Wes Matthews
2497,Wesley Matthews
2498,Ariel Maughan
2499,Marlon Maxey
2500,Jason Maxiell
2501,Cedric Maxwell
2502,Vernon Maxwell
2503,Don May
2504,Scott May
2505,Sean May
2506,Lee Mayberry
2507,Clyde Mayes
2508,Tharon Mayes
2509,Bill Mayfield
2510,Ken Mayfield
2511,Eric Maynor
2512,O.J. Mayo
2513,Travis Mays
2514,Matt Mazza
2515,Luc Mbah a Moute
2516,DJ Mbenga
2517,Bob McAdoo
2518,James Michael McAdoo
2519,Ken McBride
2520,Tahjere McCall
2521,Ray McCallum
2522,Bob McCann
2523,Brendan McCann
2524,Mel McCants
2525,Rashad McCants
2526,Mike McCarron
2527,Andre McCarter
2528,Willie McCarter
2529,Johnny McCarthy
2530,Howie McCarty
2531,Kelly McCarty
2532,Walter McCarty
2533,Amal McCaskill
2534,Patrick McCaw
2535,Dwayne McClain
2536,"Ted, Hound Dog McClain"
2537,Dan McClintock
2538,Jack McCloskey
2539,George McCloud
2540,CJ McCollum
2541,John McConathy
2542,Paul McConnell
2543,T.J. McConnell
2544,Keith McCord
2545,Tim McCormick
2546,Jelani McCoy
2547,Paul McCracken
2548,Chris McCray
2549,Rodney McCray
2550,Scooter McCray
2551,Erik McCree
2552,Chris McCullough
2553,John McCullough
2554,Clint McDaniel
2555,Xavier McDaniel
2556,Jim McDaniels
2557,KJ McDaniels
2558,Doug McDermott
2559,Ben McDonald
2560,Glenn McDonald
2561,Michael McDonald
2562,Hank McDowell
2563,Antonio McDyess
2564,Jim McElroy
2565,Ivan McFarlin
2566,Mel McGaha
2567,Mitch McGary
2568,JaVale McGee
2569,Mike McGee
2570,Bill McGill
2571,George McGinnis
2572,Jon McGlocklin
2573,Tracy McGrady
2574,Gil McGregor
2575,Rodney McGruder
2576,Al McGuire
2577,Allie McGuire
2578,Dick McGuire
2579,Dominic McGuire
2580,Kevin McHale
2581,Jim McIlvaine
2582,Jeff McInnis
2583,Kenny McIntosh
2584,Kevin McKenna
2585,Forrest McKenzie
2586,Stan McKenzie
2587,Derrick McKey
2588,Aaron McKie
2589,Billy McKinney
2590,Carlton McKinney
2591,Horace McKinney
2592,Trey McKinney-Jones
2593,Alfonzo McKinnie
2594,Ben McLemore
2595,Mccoy McLemore
2596,George McLeod
2597,Keith McLeod
2598,Roshown McLeod
2599,Jack McMahon
2600,Nate McMillan
2601,Tom McMillen
2602,Jim McMillian
2603,Shellie McMillon
2604,Mal McMullan
2605,Chet McNabb
2606,Mark McNamara
2607,Joe McNamee
2608,Jerel McNeal
2609,Chris McNealy
2610,Bob McNeill
2611,Larry McNeill
2612,Carl McNulty
2613,Paul McPherson
2614,Cozell McQueen
2615,Jordan McRae
2616,Thales McReynolds
2617,Josh McRoberts
2618,Eric McWilliams
2619,George Mearns
2620,Slava Medvedenko
2621,Darnell Mee
2622,Jodie Meeks
2623,Cliff Meely
2624,Scott Meents
2625,Dick Mehen
2626,Don Meineke
2627,Carl Meinhold
2628,Salah Mejri
2629,Gal Mekel
2630,Bill Melchionni
2631,Gary Melchionni
2632,Fab Melo
2633,De'Anthony Melton
2634,Ed Melvin
2635,Dean Meminger
2636,Chuck Mencel
2637,John Mengelt
2638,Ken Menke
2639,Pops Mensah-Bonsu
2640,Ron Mercer
2641,Joe Meriweather
2642,Porter Meriwether
2643,Tom Meschery
2644,Chimezie Metu
2645,Loren Meyer
2646,Dave Meyers
2647,Stan Miasek
2648,Larry Micheaux
2649,Jordan Mickey
2650,Khris Middleton
2651,Zigmund Mihalik
2652,Chris Mihm
2653,Ed Mikan
2654,George Mikan
2655,Larry Mikan
2656,Vern Mikkelsen
2657,Al Miksis
2658,Aaron Miles
2659,CJ Miles
2660,Darius Miles
2661,Eddie Miles
2662,Marko Milic
2663,Darko Milicic
2664,Nat Militzok
2665,Andre Miller
2666,Anthony Miller
2667,Bill Miller
2668,Bob Miller
2669,Brad Miller
2670,Darius Miller
2671,Dick Miller
2672,Eddie Miller
2673,Harry Miller
2674,Jay Miller
2675,Malcolm Miller
2676,Mike Miller
2677,Oliver Miller
2678,Quincy Miller
2679,Reggie Miller
2680,Walt Miller
2681,Chris Mills
2682,John Mills
2683,Patty Mills
2684,Terry Mills
2685,Elijah Millsap
2686,Paul Millsap
2687,Shake Milton
2688,Harold Miner
2689,Dirk Minniefield
2690,Dave Minor
2691,Greg Minor
2692,Mark Minor
2693,Nikola Mirotic
2694,Wat Misaka
2695,Jason Miskiri
2696,Donovan Mitchell
2697,Mike Mitchell
2698,Murray Mitchell
2699,Sam Mitchell
2700,Todd Mitchell
2701,Tony Mitchell
2702,Tony Mitchell
2703,Naz Mitrou-Long
2704,Steve Mix
2705,Bill Mlkvy
2706,Cuttino Mobley
2707,Eric Mobley
2708,Larry Moffett
2709,Leo Mogus
2710,Nazr Mohammed
2711,Jerome Moiso
2712,Paul Mokeski
2713,Jack Molinas
2714,Wayne Molis
2715,Sidney Moncrief
2716,Eric Money
2717,Sergei Monia
2718,Malik Monk
2719,Earl Monroe
2720,Greg Monroe
2721,Rodney Monroe
2722,Luis Montero
2723,Howie Montgomery
2724,Eric Montross
2725,Jamario Moon
2726,Jim Mooney
2727,Andre Moore
2728,Ben Moore
2729,E'Twaun Moore
2730,Jackie Moore
2731,Johnny Moore
2732,Lowes Moore
2733,Mikki Moore
2734,Otto Moore
2735,Ron Moore
2736,Tracy Moore
2737,Eric Moreland
2738,Jackie Moreland
2739,Guy Morgan
2740,Rex Morgan
2741,Elmo Morgenthaler
2742,Darren Morningstar
2743,Chris Morris
2744,Darius Morris
2745,Isaiah Morris
2746,Jaylen Morris
2747,Marcus Morris
2748,Markieff Morris
2749,Max Morris
2750,Monte Morris
2751,Randolph Morris
2752,Terence Morris
2753,Adam Morrison
2754,Dwight Morrison
2755,Mike Morrison
2756,Anthony Morrow
2757,Dwayne Morton
2758,John Morton
2759,Richard Morton
2760,Glenn Mosley
2761,Perry Moss
2762,Lawrence Moten
2763,Donatas Motiejunas
2764,Johnathan Motley
2765,Hanno Mottola
2766,Arnett Moultrie
2767,Alonzo Mourning
2768,Timofey Mozgov
2769,Chuck Mrazovich
2770,Emmanuel Mudiay
2771,Erwin Mueller
2772,Shabazz Muhammad
2773,Joe Mullaney
2774,Bob Mullens
2775,Byron Mullens
2776,Chris Mullin
2777,Jeff Mullins
2778,Todd Mundt
2779,Xavier Munford
2780,Chris Munk
2781,George Munroe
2782,Eric Murdock
2783,Gheorghe Muresan
2784,Allen Murphy
2785,Calvin Murphy
2786,Dick Murphy
2787,Erik Murphy
2788,Jay Murphy
2789,John Murphy
2790,Kevin Murphy
2791,Ronnie Murphy
2792,Tod Murphy
2793,Troy Murphy
2794,Dejounte Murray
2795,Flip Murray
2796,Jamal Murray
2797,Ken Murray
2798,Lamond Murray
2799,Tracy Murray
2800,Dorie Murrey
2801,Toure' Murry
2802,Dzanan Musa
2803,Mike Muscala
2804,Angelo Musi
2805,Jerrod Mustaf
2806,Dikembe Mutombo
2807,Martin Muursepp
2808,Pete Myers
2809,Svi Mykhailiuk
2810,Makhtar N'diaye
2811,Mamadou N'diaye
2812,Bob Naber
2813,Boris Nachamkin
2814,Bostjan Nachbar
2815,Abdel Nader
2816,Jerry Nagel
2817,Fred Nagy
2818,Lee Nailon
2819,Eduardo Najera
2820,Larry Nance
2821,Larry Nance Jr.
2822,Shabazz Napier
2823,Paul Napolitano
2824,Bob Nash
2825,Charles Nash
2826,Steve Nash
2827,Swen Nater
2828,Howard Nathan
2829,Calvin Natt
2830,Kenny Natt
2831,Willie Naulls
2832,Juan Carlos Navarro
2833,Hamady Ndiaye
2834,Boniface Ndong
2835,Maurice Ndour
2836,Craig Neal
2837,Gary Neal
2838,Jim Neal
2839,Lloyd Neal
2840,Ed Nealy
2841,Nemanja Nedovic
2842,Al Negratti
2843,Barry Nelson
2844,DeMarcus Nelson
2845,Don Nelson
2846,Jameer Nelson
2847,Louie Nelson
2848,Ruben Nembhard
2849,Tyrone Nesby
2850,Martin Nessley
2851,Rasho Nesterovic
2852,Raul Neto
2853,Johnny Neumann
2854,Paul Neumann
2855,Chuck Nevitt
2856,Melvin Newbern
2857,Ivano Newbill
2858,Ira Newble
2859,Mike Newlin
2860,Johnny Newman
2861,Dave Newmark
2862,Georges Niang
2863,Demetris Nichols
2864,Jack Nichols
2865,Andrew Nicholson
2866,Gaylon Nickerson
2867,Carl Nicks
2868,Rich Niemann
2869,John Niemiera
2870,Mike Niles
2871,Kurt Nimphius
2872,Dyron Nix
2873,Norm Nixon
2874,Joakim Noah
2875,Chuck Noble
2876,Andres Nocioni
2877,David Noel
2878,Nerlens Noel
2879,Paul Noel
2880,Lucas Nogueira
2881,Jim Nolan
2882,Paul Nolen
2883,Jeff Nordgaard
2884,Robert Nordmann
2885,Johnny Norlander
2886,Connie Norman
2887,Ken Norman
2888,Audie Norris
2889,Moochie Norris
2890,Sylvester Norris
2891,Willie Norwood
2892,George Nostrand
2893,Stan Noszka
2894,Mike Novak
2895,Steve Novak
2896,Mel Nowell
2897,Dirk Nowitzki
2898,Frank Ntilikina
2899,Kendrick Nunn
2900,James Nunnally
2901,Jusuf Nurkic
2902,Dennis Nutt
2903,David Nwaba
2904,Julius Nwosu
2905,Charles O'Bannon
2906,Ed O'Bannon
2907,John O'Boyle
2908,Bob O'Brien
2909,Buckshot O'Brien
2910,JJ O'Brien
2911,Patrick O'Bryant
2912,Johnny O'Bryant III
2913,Dermie O'Connell
2914,Andy O'Donnell
2915,Francis O'Grady
2916,Dick O'Keefe
2917,Tommy O'Keefe
2918,Mike O'Koren
2919,Grady O'Malley
2920,Jermaine O'Neal
2921,Shaquille O'Neal
2922,Royce O'Neale
2923,Mike O'Neill
2924,Kyle O'Quinn
2925,Kevin O'Shea
2926,Garland O'Shields
2927,Dan O'Sullivan
2928,Charles Oakley
2929,Fabricio Oberto
2930,Daniel Ochefu
2931,Greg Oden
2932,Lamar Odom
2933,Carlos Ogden
2934,Ralph Ogden
2935,Alan Ogg
2936,Don Ohl
2937,Tim Ohlbrecht
2938,Semi Ojeleye
2939,Emeka Okafor
2940,Jahlil Okafor
2941,Elie Okobo
2942,Josh Okogie
2943,Mehmet Okur
2944,Victor Oladipo
2945,Hakeem Olajuwon
2946,Mark Olberding
2947,Jawann Oldham
2948,Johnny Oldham
2949,Frank Oleynick
2950,John Olive
2951,Brian Oliver
2952,Dean Oliver
2953,Jimmy Oliver
2954,Kevin Ollie
2955,Gene Ollrich
2956,Michael Olowokandi
2957,Enoch Olsen
2958,Kelly Olynyk
2959,Arinze Onuaku
2960,Chinanu Onuaku
2961,Barry Orms
2962,Johnny Orr
2963,Louis Orr
2964,Jose Ortiz
2965,Daniel Orton
2966,Chuck Osborne
2967,Cedi Osman
2968,Wally Osterkorn
2969,Greg Ostertag
2970,Matt Othick
2971,Don Otten
2972,Mac Otten
2973,Kelly Oubre Jr.
2974,Bo Outlaw
2975,Travis Outlaw
2976,Claude Overton
2977,Doug Overton
2978,Andre Owens
2979,Billy Owens
2980,Chris Owens
2981,Eddie Owens
2982,James Owens
2983,Jim Owens
2984,Keith Owens
2985,Larry Owens
2986,Tom Owens
2987,Ray Owes
2988,Olumide Oyedeji
2989,Joe Pace
2990,Zaza Pachulia
2991,Robert Pack
2992,Gerald Paddio
2993,Scott Padgett
2994,Marcus Paige
2995,Fred Paine
2996,Milt Palacio
2997,Togo Palazzi
2998,Jim Palmer
2999,John Palmer
3000,Walter Palmer
3001,Andy Panko
3002,Georgios Papagiannis
3003,Kostas Papanikolaou
3004,Jannero Pargo
3005,Jeremy Pargo
3006,Estes Parham
3007,Robert Parish
3008,Medford Park
3009,Anthony Parker
3010,Jabari Parker
3011,Smush Parker
3012,Sonny Parker
3013,Tony Parker
3014,Jack Parkinson
3015,Cherokee Parks
3016,Jack Parr
3017,Doyle Parrack
3018,Charlie Parsley
3019,Chandler Parsons
3020,Zarko Paspalj
3021,Marty Passaglia
3022,George A. Pastushok
3023,Myles Patrick
3024,Stan Patrick
3025,Andrae Patterson
3026,George Patterson
3027,Lamar Patterson
3028,Patrick Patterson
3029,Ruben Patterson
3030,Steve Patterson
3031,Tommy Patterson
3032,Worthy Patterson
3033,Justin Patton
3034,Brandon Paul
3035,Chris Paul
3036,Charlie Paulk
3037,Jerry Paulson
3038,Billy Paultz
3039,Sasha Pavlovic
3040,Jim Paxson
3041,Jim Paxson
3042,John Paxson
3043,Johnny Payak
3044,Adreian Payne
3045,Cameron Payne
3046,Kenny Payne
3047,Tom Payne
3048,Elfrid Payton
3049,Gary Payton
3050,Mel Payton
3051,Gary Payton II
3052,George Pearcy
3053,Henry Pearcy
3054,Oleksiy Pecherov
3055,Wiley Peck
3056,Anthony Peeler
3057,Nikola Pekovic
3058,Jake Pelkington
3059,Sam Pellom
3060,Mike Penberthy
3061,Desmond Penigar
3062,Kirk Penney
3063,Mike Peplowski
3064,Will Perdue
3065,Kendrick Perkins
3066,Sam Perkins
3067,Warren Perkins
3068,Kosta Perovic
3069,London Perrantes
3070,Curtis Perry
3071,Elliot Perry
3072,Tim Perry
3073,Chuck Person
3074,Wesley Person
3075,Alec Peters
3076,Jim Petersen
3077,Loy Petersen
3078,Bob Peterson
3079,Ed Peterson
3080,Mel Peterson
3081,Morris Peterson
3082,Geoff Petrie
3083,Johan Petro
3084,Drazen Petrovic
3085,Richard Petruska
3086,Bob Pettit
3087,Roger Phegley
3088,Jack Phelan
3089,Jim Phelan
3090,Derrick Phelps
3091,Mike Phelps
3092,Andy Phillip
3093,Tarik Phillip
3094,Eddie Phillips
3095,Gary Phillips
3096,Bobby Phills
3097,Eric Piatkowski
3098,Paul Pierce
3099,Ricky Pierce
3100,Stan Pietkiewicz
3101,Mickael Pietrus
3102,John Pilch
3103,Ed Pinckney
3104,Kevinn Pinkney
3105,John Pinone
3106,Theo Pinson
3107,Dave Piontek
3108,Tom Piotrowski
3109,Scottie Pippen
3110,Charlie Pittman
3111,Dexter Pittman
3112,Zoran Planinic
3113,Tibor Pleiss
3114,Marshall Plumlee
3115,Mason Plumlee
3116,Miles Plumlee
3117,Gary Plummer
3118,Pavel Podkolzin
3119,Jakob Poeltl
3120,Dwayne Polee
3121,Jim Pollard
3122,Scot Pollard
3123,Ralph Polson
3124,Olden Polynice
3125,Cliff Pondexter
3126,Quincy Pondexter
3127,David Pope
3128,Mark Pope
3129,Dave Popson
3130,Ben Poquette
3131,Chris Porter
3132,Howard Porter
3133,Kevin Porter
3134,Terry Porter
3135,Michael Porter Jr.
3136,Otto Porter Jr.
3137,Bobby Portis
3138,Bob Portman
3139,Kristaps Porzingis
3140,James Posey
3141,Lavor Postell
3142,Vitaly Potapenko
3143,Leon Powe
3144,Dwight Powell
3145,Josh Powell
3146,Kasib Powell
3147,Norman Powell
3148,Roger Powell
3149,Alex Poythress
3150,Paul Pressey
3151,Phil Pressey
3152,Dominic Pressley
3153,Harold Pressley
3154,AJ Price
3155,Brent Price
3156,Jim Price
3157,Mark Price
3158,Mike Price
3159,Ronnie Price
3160,Tony Price
3161,Bob Priddy
3162,Pablo Prigioni
3163,Taurean Prince
3164,Tayshaun Prince
3165,John Pritchard
3166,Kevin Pritchard
3167,Laron Profit
3168,Gabe Pruitt
3169,Joel Przybilla
3170,Les Pugh
3171,Roy Pugh
3172,Anthony Pullard
3173,Jacob Pullen
3174,Rodney Purvis
3175,Don Putman
3176,Zhou Qi
3177,Tim Quarterman
3178,Bob Quick
3179,Chris Quinn
3180,Brian Quinnett
3181,Ivan Rabb
3182,Luke Rackley
3183,Howie Rader
3184,Mark Radford
3185,Wayne Radford
3186,Dino Radja
3187,Vladimir Radmanovic
3188,Aleksandar Radojevic
3189,Frank Radovich
3190,Moe Radovich
3191,Miroslav Raduljica
3192,Ray Radziszewski
3193,Ray Ragelis
3194,Sherwin Raiken
3195,Ed Rains
3196,Igor Rakocevic
3197,Kurt Rambis
3198,Peter John Ramos
3199,Cal Ramsey
3200,Frank Ramsey
3201,Ray Ramsey
3202,Mark Randall
3203,Chasson Randle
3204,Julius Randle
3205,Anthony Randolph
3206,Shavlik Randolph
3207,Zach Randolph
3208,Wally Rank
3209,Kelvin Ransey
3210,Sam Ranzino
3211,Blair Rasmussen
3212,Xavier Rathan-Mayes
3213,George Ratkovicz
3214,Ed Ratleff
3215,Mike Ratliff
3216,Theo Ratliff
3217,Andy Rautins
3218,Leo Rautins
3219,Allan Ray
3220,Clifford Ray
3221,Don Ray
3222,Jamesearl Ray
3223,Jim Ray
3224,Craig Raymond
3225,Connie Rea
3226,Joe Reaves
3227,Zeljko Rebraca
3228,Eldridge Recasner
3229,Michael Redd
3230,Frank Reddout
3231,JJ Redick
3232,Marlon Redmond
3233,Davon Reed
3234,Hub Reed
3235,Justin Reed
3236,Ron Reed
3237,Willie Reed
3238,Willis Reed
3239,Bryant Reeves
3240,Khalid Reeves
3241,Richie Regan
3242,Don Rehfeldt
3243,Billy Reid
3244,Don Reid
3245,J.R. Reid
3246,Jim Reid
3247,Robert Reid
3248,Ryan Reid
3249,Jared Reiner
3250,Joseph Reiser
3251,Richard Rellford
3252,Terrence Rencher
3253,John Rennicke
3254,Rob Rensberger
3255,Efthimios Rentzias
3256,Shawn Respert
3257,Kevin Restani
3258,Cameron Reynolds
3259,George Reynolds
3260,Jerry Reynolds
3261,Gene Rhodes
3262,Rodrick Rhodes
3263,Glen Rice
3264,Glen Rice
3265,Chris Richard
3266,Clint Richardson
3267,Jason Richardson
3268,Jeremy Richardson
3269,Josh Richardson
3270,Malachi Richardson
3271,Micheal Ray Richardson
3272,Norman Richardson
3273,Pooh Richardson
3274,Quentin Richardson
3275,Mitch Richmond
3276,John Richter
3277,Dick Ricketts
3278,Isaiah Rider
3279,Jackie Ridgle
3280,Luke Ridnour
3281,Mel Riebe
3282,Jim Riffey
3283,Antoine Rigaudeau
3284,Tom Riker
3285,Bob Riley
3286,Eric Riley
3287,Pat Riley
3288,Ron Riley
3289,Rich Rinaldi
3290,Mike Riordan
3291,Arnie Risen
3292,Goebel Ritter
3293,Ramon Rivas
3294,Austin Rivers
3295,David Rivers
3296,Doc Rivers
3297,Lee Robbins
3298,Andre Roberson
3299,Anthony Roberson
3300,Rick Roberson
3301,Terrance Roberson
3302,Anthony Roberts
3303,Bill Roberts
3304,Brian Roberts
3305,Fred Roberts
3306,Joe Roberts
3307,Lawrence Roberts
3308,Marv Roberts
3309,Stanley Roberts
3310,Alvin Robertson
3311,Oscar Robertson
3312,Ryan Robertson
3313,Tony Robertson
3314,Rick Robey
3315,Bernard Robinson
3316,Chris Robinson
3317,Cliff T. Robinson
3318,Clifford Robinson
3319,David Robinson
3320,Devin Robinson
3321,Duncan Robinson
3322,Eddie Robinson
3323,Flynn Robinson
3324,Glenn Robinson
3325,Jackie Robinson
3326,Jamal Robinson
3327,James Robinson
3328,Jerome Robinson
3329,Larry Robinson
3330,Mitchell Robinson
3331,Nate Robinson
3332,Oliver Robinson
3333,Rumeal Robinson
3334,Thomas Robinson
3335,Truck Robinson
3336,Wayne Robinson
3337,Glenn Robinson III
3338,Bill Robinzine
3339,Dave Robisch
3340,Red Rocha
3341,John Roche
3342,Gene Rock
3343,Jack Rocker
3344,Guy Rodgers
3345,Dennis Rodman
3346,Sergio Rodriguez
3347,Lou Roe
3348,Carlos Rogers
3349,Johnny Rogers
3350,Marshall Rogers
3351,Rodney Rogers
3352,Roy Rogers
3353,Al Roges
3354,Ken Rohloff
3355,Magnum Rolle
3356,Kenny Rollins
3357,Phil Rollins
3358,Tree Rollins
3359,Lorenzo Romar
3360,Rajon Rondo
3361,Sean Rooks
3362,Derrick Rose
3363,Jalen Rose
3364,Malik Rose
3365,Robert Rose
3366,Alexander Rosenberg
3367,Lennie Rosenbluth
3368,Hank Rosenstein
3369,Dick Rosenthal
3370,Quinton Ross
3371,Terrence Ross
3372,Doug Roth
3373,Scott Roth
3374,Irv Rothenberg
3375,Mickey Rottner
3376,Dan Roundfield
3377,Giff Roux
3378,Ron Rowan
3379,Curtis Rowe
3380,Jim Rowinski
3381,Derrick Rowland
3382,Brian Rowsom
3383,Brandon Roy
3384,Donald Royal
3385,Bob Royer
3386,Clifford Rozier
3387,Terry Rozier
3388,Ricky Rubio
3389,Guy Rucker
3390,Delaney Rudd
3391,John Rudd
3392,Damjan Rudez
3393,John Rudometkin
3394,Michael Ruffin
3395,Trevor Ruffin
3396,Paul Ruffner
3397,Joe Ruklick
3398,Jeff Ruland
3399,Bob Rule
3400,Jerry Rullo
3401,Stefano Rusconi
3402,Brandon Rush
3403,Kareem Rush
3404,Bill Russell
3405,Bryon Russell
3406,Campy Russell
3407,Cazzie Russell
3408,D'Angelo Russell
3409,Frank Russell
3410,Walker Russell
3411,Walker Russell
3412,Arvydas Sabonis
3413,Domantas Sabonis
3414,Robert Sacre
3415,Ed Sadowski
3416,Kenny Sailors
3417,John Salley
3418,John Salmons
3419,Kevin Salvadori
3420,Soumaila Samake
3421,Cheikh Samb
3422,Brandon Sampson
3423,JaKarr Sampson
3424,Jamal Sampson
3425,Ralph Sampson
3426,Samardo Samuels
3427,Pepe Sanchez
3428,Frankie Sanders
3429,Jeff Sanders
3430,Larry Sanders
3431,Melvin Sanders
3432,Mike Sanders
3433,Thomas Sanders
3434,Daniel Santiago
3435,Bob Santini
3436,Wayne Sappleton
3437,Dario Saric
3438,Jason Sasser
3439,Jeryl Sasser
3440,Tomas Satoransky
3441,Kenny Satterfield
3442,Frank Saul
3443,Woody Sauldsberry
3444,Fred Saunders
3445,Don Savage
3446,Predrag Savovic
3447,Alan Sawyer
3448,Brian Scalabrine
3449,Alex Scales
3450,Dewayne Scales
3451,Frank Schade
3452,Ben Schadler
3453,Herm Schaefer
3454,Bob Schafer
3455,Ben Scharnus
3456,Marv Schatzman
3457,Fred Schaus
3458,Dan Schayes
3459,Dolph Schayes
3460,Ossie Schectman
3461,Steve Scheffler
3462,Tom Scheffler
3463,Dave Schellhase
3464,Luke Schenscher
3465,Herb Scherer
3466,Dwayne Schintzius
3467,Dale Schlueter
3468,Otto Schnellbacher
3469,Dick Schnittker
3470,Russ Schoene
3471,Dave Scholz
3472,Milt Schoon
3473,Detlef Schrempf
3474,Dennis Schroder
3475,Howie Schultz
3476,Dick Schulz
3477,John Schweitz
3478,Luis Scola
3479,Freddie Scolari
3480,Alvin Scott
3481,Brent Scott
3482,Byron Scott
3483,Charlie Scott
3484,Dennis Scott
3485,James Scott
3486,Mike Scott
3487,Ray Scott
3488,Shawnelle Scott
3489,Carey Scurry
3490,Bruce Seals
3491,Shea Seals
3492,Malik Sealy
3493,Ed Searcy
3494,Ken Sears
3495,Wayne See
3496,Thabo Sefolosha
3497,Rony Seikaly
3498,Glen Selbo
3499,Josh Selby
3500,Wayne Selden
3501,Brad Sellers
3502,Phil Sellers
3503,Rollie Seltz
3504,Frank Selvy
3505,Jim Seminoff
3506,Mouhamed Sene
3507,George Senesky
3508,Kevin Seraphin
3509,Ansu Sesay
3510,Ramon Sessions
3511,Tom Sewell
3512,Collin Sexton
3513,Paul Seymour
3514,Nick Shaback
3515,Charles Shackleford
3516,Carl Shaeffer
3517,Lee Shaffer
3518,Mustafa Shakur
3519,Landry Shamet
3520,God Shammgod
3521,Earl Shannon
3522,Howie Shannon
3523,Charlie Share
3524,Bill Sharman
3525,Walter Sharpe
3526,John Shasky
3527,Ron Shavlik
3528,Brian Shaw
3529,Casey Shaw
3530,Bob Shea
3531,Fred Sheffield
3532,Craig Shelton
3533,Lonnie Shelton
3534,Tornike Shengelia
3535,Jeff Sheppard
3536,Steve Sheppard
3537,Edmund Sherod
3538,Charlie Shipp
3539,Paul Shirley
3540,Gene Short
3541,Purvis Short
3542,Dexter Shouse
3543,Dick Shrider
3544,Gene Shue
3545,John Shumate
3546,Iman Shumpert
3547,Alexey Shved
3548,Pascal Siakam
3549,Jordan Sibert
3550,Sam Sibert
3551,Mark Sibley
3552,Jerry Sichting
3553,Larry Siegfried
3554,Ralph Siewert
3555,Jack Sikma
3556,James Silas
3557,Paul Silas
3558,Xavier Silas
3559,Garret Siler
3560,Mike Silliman
3561,Wayne Simien
3562,Ben Simmons
3563,Bobby Simmons
3564,Cedric Simmons
3565,Connie Simmons
3566,Johnny Simmons
3567,Jonathon Simmons
3568,Kobi Simmons
3569,Lionel Simmons
3570,Miles Simon
3571,Anfernee Simons
3572,Dickey Simpkins
3573,Diamon Simpson
3574,Ralph Simpson
3575,Alvin Sims
3576,Bob Sims
3577,Courtney Sims
3578,Doug Sims
3579,Henry Sims
3580,Scott Sims
3581,Kyle Singler
3582,Sean Singletary
3583,Chris Singleton
3584,James Singleton
3585,Mckinley Singleton
3586,Zeke Sinicola
3587,Charlie Sitton
3588,Peyton Siva
3589,Scott Skiles
3590,Al Skinner
3591,Brian Skinner
3592,Talvin Skinner
3593,Whitey Skoog
3594,Jeff Slade
3595,Reggie Slater
3596,Jim Slaughter
3597,Jose Slaughter
3598,Tamar Slay
3599,Donald Sloan
3600,Jerry Sloan
3601,Uros Slokar
3602,Tom Sluby
3603,Keith Smart
3604,Marcus Smart
3605,Belus Smawley
3606,Jack Smiley
3607,Adrian Smith
3608,Bill Smith
3609,Bill Smith
3610,Bingo Smith
3611,Bobby Smith
3612,Charles Smith
3613,Charles Smith
3614,Charles Smith
3615,Chris Smith
3616,Chris Smith
3617,Clinton Smith
3618,Craig Smith
3619,Deb Smith
3620,Derek Smith
3621,Don Smith
3622,Donald Smith
3623,Donta Smith
3624,Doug Smith
3625,Ed Smith
3626,Elmore Smith
3627,Garfield Smith
3628,Greg Smith
3629,Greg Smith
3630,Ish Smith
3631,JR Smith
3632,Jabari Smith
3633,Jason Smith
3634,Jerry Smith
3635,Jim Smith
3636,Joe Smith
3637,Josh Smith
3638,Keith Smith
3639,Kenny Smith
3640,Labradford Smith
3641,Larry Smith
3642,Leon Smith
3643,Michael Smith
3644,Michael Smith
3645,Mike Smith
3646,Nolan Smith
3647,Otis Smith
3648,Phil Smith
3649,Randy Smith
3650,Reggie Smith
3651,Robert Smith
3652,Russ Smith
3653,Sammy Smith
3654,Steven Smith
3655,Steven Smith
3656,Stevin Smith
3657,Theron Smith
3658,Tony Smith
3659,Willie Smith
3660,Zhaire Smith
3661,Dennis Smith Jr.
3662,Rik Smits
3663,Mike Smrek
3664,Joe Smyth
3665,Tony Snell
3666,Eric Snow
3667,Dick Snyder
3668,Kirk Snyder
3669,George Sobek
3670,Ricky Sobers
3671,Ron Sobie
3672,Mike Sojourner
3673,Will Solomon
3674,Willie Somerset
3675,Darius Songaila
3676,Dave Sorenson
3677,James Southerland
3678,Gino Sovran
3679,Pape Sow
3680,Ray Spalding
3681,Jim Spanarkel
3682,Vassilis Spanoulis
3683,Guy Sparrow
3684,Rory Sparrow
3685,Odie Spears
3686,Art Spector
3687,Marreese Speights
3688,Omari Spellman
3689,Andre Spencer
3690,Elmore Spencer
3691,Felton Spencer
3692,Lou Spicer
3693,Craig Spitzer
3694,Tiago Splitter
3695,Art Spoelstra
3696,Latrell Sprewell
3697,Larry Spriggs
3698,Jim Springer
3699,Jim Spruill
3700,Ryan Stack
3701,Jerry Stackhouse
3702,Kevin Stacom
3703,Dave Stallworth
3704,Isaac Stallworth
3705,Ed Stanczak
3706,Terence Stansbury
3707,John Starks
3708,Keith Starr
3709,Nik Stauskas
3710,Larry Staverman
3711,Larry Steele
3712,Matt Steigenga
3713,Vladimir Stepania
3714,DJ Stephens
3715,Everette Stephens
3716,Jack Stephens
3717,Joe Stephens
3718,Lance Stephenson
3719,Alex Stepheson
3720,Brook Steppe
3721,Barry Stevens
3722,Wayne Stevens
3723,DeShawn Stevenson
3724,Dennis Stewart
3725,Kebu Stewart
3726,Larry Stewart
3727,Michael Stewart
3728,Norm Stewart
3729,Greg Stiemsma
3730,Steve Stipanovich
3731,Bryant Stith
3732,Sam Stith
3733,Tom Stith
3734,Alex Stivrins
3735,David Stockton
3736,John Stockton
3737,Peja Stojakovic
3738,Ed Stokes
3739,Greg Stokes
3740,Jarnell Stokes
3741,Maurice Stokes
3742,Art Stolkey
3743,Diamond Stone
3744,Julyan Stone
3745,Awvee Storey
3746,Damon Stoudamire
3747,Salim Stoudamire
3748,Amar'e Stoudemire
3749,Paul Stovall
3750,DJ Strawberry
3751,Joe Strawder
3752,Bill Stricker
3753,Erick Strickland
3754,Mark Strickland
3755,Rod Strickland
3756,Roger Strickland
3757,John Stroeder
3758,Derek Strong
3759,Lamont Strothers
3760,John Stroud
3761,Rodney Stuckey
3762,Gene Stump
3763,Stan Stutz
3764,Gary Suiter
3765,Jared Sullinger
3766,DaJuan Summers
3767,Edmond Sumner
3768,Barry Sumpter
3769,Sun Sun
3770,Don Sunderlage
3771,Bruno Sundov
3772,Jon Sundvold
3773,Bob Sura
3774,Dick Surhoff
3775,Dane Suttle
3776,Greg Sutton
3777,Bennie Swain
3778,Caleb Swanigan
3779,Norm Swanson
3780,Dan Swartz
3781,Michael Sweetney
3782,Robert Swift
3783,Stromile Swift
3784,Aaron Swinson
3785,Pape Sy
3786,Wallace Sydnor
3787,Larry Sykes
3788,Brett Szabo
3789,Wally Szczerbiak
3790,Zan Tabak
3791,Yuta Tabuse
3792,Chris Taft
3793,Sid Tannenbaum
3794,Dragan Tarlac
3795,Roy Tarpley
3796,Earl Tatum
3797,Jayson Tatum
3798,Edy Tavares
3799,Anthony Taylor
3800,Brian Taylor
3801,Donell Taylor
3802,Fred Taylor
3803,Isaiah Taylor
3804,Jay Taylor
3805,Jeff Taylor
3806,Jeffery Taylor
3807,Jermaine Taylor
3808,Johnny Taylor
3809,Leonard Taylor
3810,Maurice Taylor
3811,Mike Taylor
3812,Roland Taylor
3813,Tyshawn Taylor
3814,Vince Taylor
3815,Terry Teagle
3816,Jeff Teague
3817,Marquis Teague
3818,Mirza Teletovic
3819,Sebastian Telfair
3820,Garrett Temple
3821,Milos Teodosic
3822,Ira Terrell
3823,Jared Terrell
3824,Carlos Terry
3825,Chuck Terry
3826,Claude Terry
3827,Emanuel Terry
3828,Jason Terry
3829,Hasheem Thabeet
3830,Tom Thacker
3831,Daniel Theis
3832,Reggie Theus
3833,Peter Thibeaux
3834,Bill Thieben
3835,Justus Thigpen
3836,David Thirdkill
3837,Adonis Thomas
3838,Billy Thomas
3839,Carl Thomas
3840,Charles Thomas
3841,Etan Thomas
3842,Irving Thomas
3843,Isaiah Thomas
3844,Isiah Thomas
3845,Jamel Thomas
3846,James Thomas
3847,Jim Thomas
3848,Joe Thomas
3849,John Thomas
3850,Kenny Thomas
3851,Khyri Thomas
3852,Kurt Thomas
3853,Lance Thomas
3854,Malcolm Thomas
3855,Terry Thomas
3856,Tim Thomas
3857,Tyrus Thomas
3858,Trey Thompkins
3859,Bernard Thompson
3860,Billy Thompson
3861,Brooks Thompson
3862,Corny Thompson
3863,David Thompson
3864,Dijon Thompson
3865,George Thompson
3866,Hollis Thompson
3867,Jason Thompson
3868,John Thompson
3869,Kevin Thompson
3870,Klay Thompson
3871,LaSalle Thompson
3872,Mychal Thompson
3873,Mychel Thompson
3874,Paul Thompson
3875,Stephen Thompson
3876,Tristan Thompson
3877,Rod Thorn
3878,Al Thornton
3879,Bob Thornton
3880,Marcus Thornton
3881,Sindarius Thornwell
3882,Otis Thorpe
3883,Sedale Threatt
3884,Nate Thurmond
3885,Mel Thurston
3886,Howard Tidrick
3887,Dan Tieman
3888,Darren Tillis
3889,Jack Tingle
3890,Jamaal Tinsley
3891,Wayman Tisdale
3892,Mike Tobey
3893,Marko Todorovich
3894,Ray Tolbert
3895,Tom Tolbert
3896,Anthony Tolliver
3897,Dean Tolson
3898,Rudy Tomjanovich
3899,Andrew Toney
3900,Sedric Toney
3901,Andy Tonkovich
3902,Andy Toolson
3903,Jack Toomay
3904,Bernard Toone
3905,Irv Torgoff
3906,Gene Tormohlen
3907,Oscar Torres
3908,Bill Tosheff
3909,Bob Tough
3910,Axel Toupane
3911,Monte Towe
3912,Keith Tower
3913,William Towery
3914,Linton Townes
3915,Karl-Anthony Towns
3916,Raymond Townsend
3917,George Trapp
3918,John Trapp
3919,Robert Traylor
3920,Gary Trent
3921,Gary Trent Jr.
3922,Jeff Trepagnier
3923,John Tresvant
3924,Allonzo Trier
3925,Dick Triptow
3926,Kelly Tripucka
3927,Cezary Trybanski
3928,Jake Tsakalidis
3929,John Tschogl
3930,Lou Tsioropoulos
3931,Nikoloz Tskitishvili
3932,Al Tucker
3933,Alando Tucker
3934,Anthony Tucker
3935,Jim Tucker
3936,PJ Tucker
3937,Trent Tucker
3938,Ronny Turiaf
3939,Mirsad Turkcan
3940,Hedo Turkoglu
3941,Andre Turner
3942,Bill Turner
3943,Elston Turner
3944,Evan Turner
3945,Henry Turner
3946,Jack Turner
3947,Jack Turner
3948,Jeff Turner
3949,John Turner
3950,Myles Turner
3951,Wayne Turner
3952,Mel Turpin
3953,Dave Twardzik
3954,Jack Twyman
3955,B.J. Tyler
3956,Jeremy Tyler
3957,Terry Tyler
3958,Charlie Tyra
3959,Edwin Ubiles
3960,Ekpe Udoh
3961,Ime Udoka
3962,Beno Udrih
3963,Roko Ukic
3964,Tyler Ulis
3965,Wes Unseld
3966,Hal Uplinger
3967,Kelvin Upshaw
3968,Jarrod Uthoff
3969,Ben Uzoh
3970,Robert Vaden
3971,Jonas Valanciunas
3972,Darnell Valentine
3973,Denzel Valentine
3974,Ron Valentine
3975,John Vallely
3976,Dick Van Arsdale
3977,Tom Van Arsdale
3978,Butch Van Breda Kolff
3979,Jan Van Breda Kolff
3980,Nick Van Exel
3981,Keith Van Horn
3982,Norm Van Lier
3983,Fred VanVleet
3984,Gene Vance
3985,Log Vander Velden
3986,Jarred Vanderbilt
3987,Ernie Vandeweghe
3988,Kiki Vandeweghe
3989,Nick Vanos
3990,David Vanterpool
3991,Ratko Varda
3992,Anderson Varejao
3993,Jarvis Varnado
3994,Greivis Vasquez
3995,Charles Vaughn
3996,David Vaughn
3997,Jacque Vaughn
3998,Rashad Vaughn
3999,Virgil Vaughn
4000,Loy Vaught
4001,Bob Verga
4002,Peter Verhoeven
4003,Jan Vesely
4004,Gundars Vetra
4005,Joao Vianna
4006,Charlie Villanueva
4007,Jay Vincent
4008,Sam Vincent
4009,Marcus Vinicius
4010,Fred Vinson
4011,Gary Voce
4012,Floyd Volker
4013,Alexander Volkov
4014,Whitey Von Nieda
4015,Noah Vonleh
4016,Jake Voskuhl
4017,Danny Vranes
4018,Slavko Vranes
4019,Stojko Vrankovic
4020,Brett Vroman
4021,Jackson Vroman
4022,Nikola Vucevic
4023,Sasha Vujacic
4024,Dwyane Wade
4025,Mark Wade
4026,Von Wafer
4027,Clint Wager
4028,Dajuan Wagner
4029,Danny Wagner
4030,Milt Wagner
4031,Moritz Wagner
4032,Dion Waiters
4033,Granville Waiters
4034,Andre Wakefield
4035,Neal Walk
4036,Andy Walker
4037,Antoine Walker
4038,Brady Walker
4039,Chet Walker
4040,Darrell Walker
4041,Foots Walker
4042,Henry Walker
4043,Horace Walker
4044,Jimmy Walker
4045,Kemba Walker
4046,Kenny Walker
4047,Phil Walker
4048,Samaki Walker
4049,Wally Walker
4050,Lonnie Walker IV
4051,John Wall
4052,Ben Wallace
4053,Gerald Wallace
4054,John Wallace
4055,Michael Wallace
4056,Rasheed Wallace
4057,Tyrone Wallace
4058,Dwight Waller
4059,Jamie Waller
4060,Jim Walsh
4061,Matt Walsh
4062,Rex Walters
4063,Paul Walther
4064,Rabbit Walthour
4065,Bill Walton
4066,Lloyd Walton
4067,Luke Walton
4068,Derrick Walton Jr.
4069,Brad Wanamaker
4070,Bobby Wanzer
4071,Perry Warbington
4072,Charlie Ward
4073,Gerry Ward
4074,Henry Ward
4075,Casper Ware
4076,Jim Ware
4077,Ben Warley
4078,Bob Warlick
4079,Cornell Warner
4080,Jameel Warney
4081,Johnny Warren
4082,T.J. Warren
4083,Willie Warren
4084,Bryan Warrick
4085,Hakim Warrick
4086,Chris Washburn
4087,Julian Washburn
4088,Bobby Washington
4089,Darius Washington
4090,Duane Washington
4091,Dwayne Washington
4092,Eric Washington
4093,Jim Washington
4094,Kermit Washington
4095,Richard Washington
4096,Stan Washington
4097,Wilson Washington
4098,Yuta Watanabe
4099,Darryl Watkins
4100,C.J. Watson
4101,Earl Watson
4102,Jamie Watson
4103,Ron Watts
4104,Slick Watts
4105,Maalik Wayns
4106,David Wear
4107,Travis Wear
4108,Clar. Weatherspoon
4109,Nick Weatherspoon
4110,Kyle Weaver
4111,Jeff Webb
4112,Marcus Webb
4113,Spud Webb
4114,James Webb III
4115,Chris Webber
4116,Briante Weber
4117,Forest Weber
4118,Jeff Webster
4119,Martell Webster
4120,Marvin Webster
4121,Scott Wedman
4122,Sonny Weems
4123,Dick Wehr
4124,Brant Weidner
4125,Bob Weiss
4126,Rick Weitzman
4127,Bonzi Wells
4128,Bubba Wells
4129,Owen Wells
4130,Ralph Wells
4131,Chris Welp
4132,Jiri Welsch
4133,Thomas Welsh
4134,Bill Wennington
4135,Matt Wenstrom
4136,Robert Werdann
4137,Ray Wertis
4138,David Wesley
4139,Walt Wesley
4140,David West
4141,Delonte West
4142,Doug West
4143,Jerry West
4144,Mario West
4145,Mark West
4146,Roland West
4147,Russell Westbrook
4148,Paul Westphal
4149,John Wetzel
4150,Robert Whaley
4151,Ennis Whatley
4152,DeJuan Wheat
4153,Clinton Wheeler
4154,Tyson Wheeler
4155,Lucian Whitaker
4156,DJ White
4157,Derrick White
4158,Eric White
4159,Herb White
4160,Hubie White
4161,Jahidi White
4162,James White
4163,Jojo White
4164,Okaro White
4165,Randy White
4166,Rodney White
4167,Rory White
4168,Royce White
4169,Rudy White
4170,Terrico White
4171,Tony White
4172,Willie White
4173,Andrew White III
4174,Isaiah Whitehead
4175,Jerome Whitehead
4176,Donald Whiteside
4177,Hassan Whiteside
4178,Dwayne Whitfield
4179,Charles Whitney
4180,Chris Whitney
4181,Shayne Whittington
4182,Sidney Wicks
4183,Murray Wier
4184,Bob Wiesenhahn
4185,Andrew Wiggins
4186,Mitchell Wiggins
4187,Ken Wilburn
4188,CJ Wilcox
4189,Chris Wilcox
4190,D.C. Wilcutt
4191,Gene Wiley
4192,Jacob Wiley
4193,Michael Wiley
4194,Morlon Wiley
4195,Win Wilfong
4196,Lenny Wilkens
4197,Bob Wilkerson
4198,Jamaal Wilkes
4199,James Wilkes
4200,Damien Wilkins
4201,Dominique Wilkins
4202,Eddielee Wilkins
4203,Gerald Wilkins
4204,Jeff Wilkins
4205,Dale Wilkinson
4206,Mike Wilks
4207,Aaron Williams
4208,Alan Williams
4209,Alvin Williams
4210,Arthur Williams
4211,Bernie Williams
4212,Bob Williams
4213,Brandon Williams
4214,Buck Williams
4215,C.J. Williams
4216,Chuck Williams
4217,Chuckie Williams
4218,Cliff Williams
4219,Corey Williams
4220,Deron Williams
4221,Derrick Williams
4222,Don Williams
4223,Earl Williams
4224,Elliot Williams
4225,Eric Williams
4226,Frank Williams
4227,Freeman Williams
4228,Gus Williams
4229,Guy Williams
4230,Herb Williams
4231,Hot Rod Williams
4232,Jason Williams
4233,Jawad Williams
4234,Jay Williams
4235,Jayson Williams
4236,Jerome Williams
4237,John Williams
4238,Johnathan Williams
4239,Jordan Williams
4240,Justin Williams
4241,Kenny Williams
4242,Kenrich Williams
4243,Kevin Williams
4244,Lorenzo Williams
4245,Lou Williams
4246,Marcus Williams
4247,Marcus Williams
4248,Marvin Williams
4249,Micheal Williams
4250,Mike Williams
4251,Milt Williams
4252,Mo Williams
4253,Monty Williams
4254,Nate Williams
4255,Pete Williams
4256,Ray Williams
4257,Reggie Williams
4258,Reggie Williams
4259,Rickey Williams
4260,Rob Williams
4261,Ron Williams
4262,Sam Williams
4263,Samuel Williams
4264,Scott Williams
4265,Sean Williams
4266,Shammond Williams
4267,Shawne Williams
4268,Shelden Williams
4269,Sly Williams
4270,Terrence Williams
4271,Travis Williams
4272,Troy Williams
4273,Walt Williams
4274,Ward Williams
4275,Willie Williams
4276,Robert Williams III
4277,Matt Williams Jr.
4278,Corliss Williamson
4279,John Williamson
4280,Kevin Willis
4281,Bill Willoughby
4282,Dedric Willoughby
4283,Bob Wilson
4284,Bobby Wilson
4285,D.J. Wilson
4286,George Wilson
4287,Isaiah Wilson
4288,Jamil Wilson
4289,Mike Wilson
4290,Nikita Wilson
4291,Othell Wilson
4292,Rick Wilson
4293,Ricky Wilson
4294,Thomas Wilson
4295,Trevor Wilson
4296,Kyle Wiltjer
4297,Kennard Winchester
4298,Tony Windis
4299,John Windsor
4300,Lee Winfield
4301,David Wingate
4302,Dontonio Wingfield
4303,Harthorne Wingo
4304,Marv Winkler
4305,Justise Winslow
4306,Rickie Winslow
4307,Trevor Winter
4308,Brian Winters
4309,Voise Winters
4310,Willie Wise
4311,Jeff Withey
4312,Luke Witte
4313,Randy Wittman
4314,Garry Witts
4315,Dave Wohl
4316,Joe Wolf
4317,Ruben Wolkowyski
4318,Nate Wolters
4319,Al Wood
4320,Bob Wood
4321,Christian Wood
4322,David Wood
4323,Howard Wood
4324,Leon Wood
4325,Loren Woods
4326,Qyntel Woods
4327,Randy Woods
4328,Mike Woodson
4329,Orlando Woolridge
4330,Haywoode Workman
4331,Mark Workman
4332,Tom Workman
4333,Metta World Peace
4334,Sam Worthen
4335,James Worthy
4336,Antoine Wright
4337,Bracey Wright
4338,Brad Wright
4339,Brandan Wright
4340,Chris Wright
4341,Chris Wright
4342,Delon Wright
4343,Dorell Wright
4344,Howard Wright
4345,Joby Wright
4346,Julian Wright
4347,Larry Wright
4348,Lorenzen Wright
4349,Luther Wright
4350,Sharone Wright
4351,Tony Wroten
4352,A.J. Wynder
4353,Guerschon Yabusele
4354,Yao Ming
4355,Vincent Yarbrough
4356,George Yardley
4357,Barry Yates
4358,Wayne Yates
4359,Charlie Yelverton
4360,Yi Jianlian
4361,Rich Yonakor
4362,Danny Young
4363,James Young
4364,Joe Young
4365,Korleone Young
4366,Michael Young
4367,Nick Young
4368,Perry Young
4369,Sam Young
4370,Thaddeus Young
4371,Tim Young
4372,Trae Young
4373,Max Zaslofsky
4374,Robert Zawoluk
4375,Cody Zeller
4376,Dave Zeller
4377,Gary Zeller
4378,Hank Zeller
4379,Luke Zeller
4380,Tyler Zeller
4381,Tony Zeno
4382,Phil Zevenbergen
4383,Wang Zhi-zhi
4384,George Zidek
4385,Derrick Zimmerman
4386,Stephen Zimmerman
4387,Paul Zipser
4388,Ante Zizic
4389,Jim Zoet
4390,Bill Zopf
4391,Ivica Zubac
4392,Matt Zunic
